Codigo,NOMBRE,GRUPO,NUM_GRUPO,AGUA(%),Energia(kcal),Proteina(g),Grasa_Total(g),HDC(g),Fibra_Dietetica(g),Ceniza(g),Calcio(mg),Fosforo(mg),Hierro(mg),Tiamina(mg),Riboflabina(g),Niacina(g),Vita_C(mg),Vita_A_EQ_Retinol(mcg),A_G_mono(g),A_G_Poli(g),A_G_Saturados(g),Colesterol(mg),Potasio(mg),Sodio(mg),Zinc(mg),Magnesio(mg),Vita_B6,Bita_B12,Acido_Folico(mcg),Folato_Eq_FD(mcg),Aprovecha(%)
1001,"CREMA, ESPESA","Leche, quesos y similares",1,57.71,345,2.05,37,2.79,0,0.45,65,62,0.03,0.02,0.11,0.04,1,411,10.69,1.37,23.03,137,75,38,0.23,7,0.03,0.18,0,4,1
1002,"CREMA, RALA","Leche, quesos y similares",1,73.75,195,2.7,19.31,3.66,0,0.58,96,80,0.04,0.03,0.15,0.06,1,181,5.58,0.72,12.02,66,122,40,0.27,9,0.03,0.22,0,2,1
1003,"CREMA, SUSTITUTO NO LACTEO,  EN POLVO","Leche, quesos y similares",1,2.21,546,4.79,35.48,54.88,0,2.64,22,422,1.15,0,0.17,0,0,2,0.97,0.01,32.53,0,812,181,0.51,4,0,0,0,0,1
1004,"LECHE DE BURRA, FLUIDA","Leche, quesos y similares",1,90.2,43,1.7,1.2,6.5,,0.4,126,57,0.2,0.02,0.09,0.1,2,,,,,,,,,,,,,,1
1005,"LECHE DE CABRA, FLUIDA","Leche, quesos y similares",1,87.03,69,3.56,4.14,4.45,0,0.82,134,111,0.05,0.05,0.14,0.28,1,57,1.11,0.15,2.67,11,204,50,0.3,14,0.05,0.07,0,1,1
1007,"LECHE HUMANA, FLUIDA","Leche, quesos y similares",1,87.5,45,1,1.5,6.9,,,32,,0.1,0.01,0.04,0.2,5,64,0.74,0.19,1.01,4,51,17,0.17,3,0.01,0.04,5,,1
1008,"LECHE DE VACA, CHOCOLATADA, FLUIDA, BAJA EN GRASA","Leche, quesos y similares",1,82.17,76,2.99,1.9,12.13,0.7,0.81,109,76,0.24,0.05,0.56,0.16,0,64,0.46,0.09,1.18,8,123,66,0.39,14,0.02,0.33,0,2,1
1009,"LECHE DE VACA, CONDENSADA C/AZUCAR, ENLAT,","Leche, quesos y similares",1,27.16,321,7.91,8.7,54.4,0,1.83,284,253,0.19,0.09,0.42,0.21,3,74,2.43,0.34,5.49,34,371,127,0.94,26,0.05,0.44,0,11,1
1010,"LECHE DE VACA, SEMIDESCREMADA (2 % GRASA), FLUIDA","Leche, quesos y similares",1,89.33,50,3.3,1.97,4.68,0,0.71,117,94,0.03,0.04,0.19,0.09,0,55,0.56,0.07,1.26,8,150,41,0.43,11,0.04,0.46,0,5,1
1011,"LECHE DE VACA, DESCREMADA S/VIT A,  EN POLVO","Leche, quesos y similares",1,3.16,362,36.16,0.77,51.98,0,7.93,1257,968,0.32,0.41,1.55,0.95,7,6,0.2,0.03,0.5,20,1794,535,4.08,110,0.36,4.03,0,50,1
1012,"LECHE DE VACA, DESCREMADA C/VIT A,  EN POLVO","Leche, quesos y similares",1,3.16,362,36.16,0.77,51.98,0,7.93,1257,968,0.32,0.41,1.55,0.95,7,653,0.2,0.03,0.5,20,1794,535,4.08,110,0.36,4.03,0,50,1
1013,"LECHE DE VACA, DESCREMADA C/VIT A,  EN POLVO INSTANTANEA","Leche, quesos y similares",1,3.96,358,35.1,0.72,52.19,0,8.03,1231,985,0.31,0.41,1.74,0.89,6,709,0.19,0.03,0.47,18,1705,549,4.41,117,0.34,3.99,0,50,1
1014,"LECHE DE VACA, INTEGRA, EVAPORADA C/VIT A, ENLAT,","Leche, quesos y similares",1,74.04,134,6.81,7.56,10.04,0,1.55,261,203,0.19,0.05,0.32,0.19,2,112,2.34,0.25,4.59,29,303,106,0.77,24,0.05,0.16,0,8,1
1015,"LECHE DE VACA, INTEGRA, FLUIDA (3,25% GRASA)","Leche, quesos y similares",1,88.32,60,3.22,3.25,4.52,0,0.69,113,91,0.03,0.04,0.18,0.11,0,28,0.81,0.19,1.87,10,143,40,0.4,10,0.04,0.44,0,5,1
1016,"LECHE DE VACA, INTEGRA, EN POLVO","Leche, quesos y similares",1,2.47,496,26.32,26.71,38.42,0,6.08,912,776,0.47,0.28,1.21,0.65,9,257,7.92,0.67,16.74,97,1330,371,3.34,85,0.3,3.25,0,37,1
1019,"QUESO AMARILLO, PASTRZ & PROCES,, RODAJAS","Leche, quesos y similares",1,39.16,375,22.15,31.25,1.6,0,5.84,552,513,0.19,0.03,0.35,0.07,0,254,8.95,0.99,19.69,94,169,1489,2.84,27,0.07,0.7,0,8,1
1020,"QUESO AMARILLO, PASTRZ & PROCES,, PARA UNTAR","Leche, quesos y similares",1,47.65,290,16.41,21.23,8.73,0,5.98,562,712,0.33,0.05,0.43,0.13,0,173,6.22,0.62,13.33,55,242,1345,2.59,29,0.12,0.4,0,7,1
1022,QUESO BLANCO (PANAMA),"Leche, quesos y similares",1,53.1,276,17.1,21.3,4.5,0,4,643,367,2,0.03,0.59,0.1,0,252,5.75,0.45,15.26,72,187,842,2.38,20,0.23,1.3,62,,1
1023,"QUESO BLANCO FRESCO,  LECHE DE CABRA","Leche, quesos y similares",1,60.75,268,18.52,21.08,0.89,0,1.58,140,256,1.9,0.07,0.38,0.43,0,288,4.81,0.5,14.57,46,26,368,0.92,16,0.25,0.19,0,12,1
1024,"QUESO COTTAGE, C/CREMA","Leche, quesos y similares",1,78.96,103,12.49,4.51,2.68,0,1.36,60,132,0.14,0.02,0.16,0.13,0,44,1.28,0.14,2.85,15,84,405,0.37,5,0.07,0.62,0,12,1
1025,"QUESO COTTAGE, S/CREMA","Leche, quesos y similares",1,79.77,85,17.27,0.42,1.85,0,0.69,32,104,0.23,0.03,0.14,0.16,0,9,0.11,0.01,0.27,7,32,13,0.47,4,0.08,0.83,0,15,1
1026,QUESO CREMA O DE CAPAS,"Leche, quesos y similares",1,53.75,349,7.55,34.87,2.66,0,1.17,80,104,1.2,0.02,0.2,0.1,0,366,9.84,1.26,21.97,110,119,296,0.54,6,0.05,0.42,0,13,1
1027,"QUESO TIPO CUAJADA,  FRESCO","Leche, quesos y similares",1,55.2,236,18.7,15.4,5.4,,5.3,718,385,1.5,0.04,0.73,0.07,0,153,,,,,,,,,,,,,1
1028,"QUESO DURO O SECO,  LECHE INTEGRA","Leche, quesos y similares",1,26.1,444,27.9,35.2,3.7,,7,2274,500,1.7,0.04,0.58,0.09,0,318,6.66,0.27,16.4,68,92,1602,2.75,,0.09,,7,,1
1029,"QUESO BLANCO FRESCO,  LECHE INTEGRA","Leche, quesos y similares",1,55,264,17.5,20.1,3.3,,4.1,783,375,1.3,0.03,0.43,0.15,0,420,,,,,,,,,,,,,1
1030,"QUESO BLANCO FRESCO,  LECHE SEMIDESCREMADA","Leche, quesos y similares",1,63.1,173,24.35,7,1.91,0,3.64,415,484,0.42,0.01,0.22,0.05,0,60,2.08,0.22,4.34,21,66,612,1.82,16,0.05,0.49,0,11,1
1031,"QUESO BLANCO FRESCO,  LECHE DESCREMADA","Leche, quesos y similares",1,64.3,127,21,1.8,5.4,,7.4,687,332,1.8,0.06,0.55,0.19,0,6,,,,,,,,,,,,,1
1032,QUESO GOUDA,"Leche, quesos y similares",1,41.46,356,24.94,27.44,2.22,0,3.94,700,546,0.24,0.03,0.33,0.06,0,165,7.75,0.66,17.61,114,121,819,3.9,29,0.08,1.54,0,21,1
1033,"QUESO MOZARELA,  LECHE INTEGRA","Leche, quesos y similares",1,50.01,300,22.17,22.35,2.19,0,3.28,505,354,0.44,0.03,0.28,0.1,0,179,6.57,0.76,13.15,79,76,627,2.92,20,0.04,2.28,0,7,1
1034,"QUESO OREADO,  LECHE INTEGRA","Leche, quesos y similares",1,42.3,325,22.2,24.8,3.1,,7.6,751,414,2,0.05,0.62,0.12,0,166,,,,,,,,,,,,,1
1035,"QUESO OREADO,  LECHE SEMIDESCREMADA","Leche, quesos y similares",1,44.8,263,25.4,14.2,7.6,,8,752,444,2.6,0.06,0.49,0.11,0,50,,,,,,,,,,,,,1
1036,"QUESO OREADO,  LECHE DESCREMADA","Leche, quesos y similares",1,41.9,232,38.2,5.7,4.9,,9.3,1004,642,1.8,0.08,0.64,0.29,0,20,,,,,,,,,,,,,1
1037,"QUESO PARMESANO,  GRATINADO","Leche, quesos y similares",1,20.84,431,38.46,28.61,4.06,0,8.03,1109,729,0.9,0.03,0.49,0.11,0,120,8.38,1.17,17.3,88,125,1529,3.87,38,0.05,2.26,0,10,1
1038,QUESO TIPO REQUESON,"Leche, quesos y similares",1,73.9,118,12.3,3,10,,,92,,0.5,0.07,0.22,0.2,0,,1.8,0.2,4.3,25,54,450,0.5,6,0.01,0.5,9,,1
1039,QUESO TIPO SUIZO,"Leche, quesos y similares",1,42.31,334,24.73,25.01,2.1,0,5.85,772,762,0.61,0.01,0.28,0.04,0,198,7.05,0.62,16.05,85,216,1370,3.61,29,0.04,1.23,0,6,1
1040,"YOGURT, LECHE DESCREMADA,  NATURAL","Leche, quesos y similares",1,85.23,56,5.73,0.18,7.68,0,1.18,199,157,0.09,0.05,0.23,0.12,1,2,0.05,0,0.12,2,255,77,0.97,19,0.05,0.61,0,12,1
1041,"YOGURT, LECHE INTEGRA,  NATURAL","Leche, quesos y similares",1,87.9,61,3.47,3.25,4.66,0,0.72,121,95,0.05,0.03,0.14,0.08,1,27,0.89,0.09,2.1,13,155,46,0.59,12,0.03,0.37,0,7,1
1042,"YOGURT, LECHE DESCREMADA, SABOR FRUTAS","Leche, quesos y similares",1,75.3,99,3.98,1.15,18.64,0,0.93,138,109,0.06,0.03,0.16,0.09,1,11,0.32,0.03,0.74,5,177,53,0.67,13,0.04,0.43,0,9,1
1043,"QUESO TIPO QUESILLO, FRESCO","Leche, quesos y similares",1,51,299,18,24,3,,4,162,,0.5,0.05,0.47,0.4,0,48,1.6,0.1,2.85,15,84,405,0.37,,0.07,0.62,12,,1
1044,"QUESO PARMESANO,  DURO","Leche, quesos y similares",1,29.16,392,35.75,25.83,3.22,0,6.04,1184,694,0.82,0.04,0.33,0.27,0,108,7.51,0.57,16.41,68,92,1602,2.75,44,0.09,1.2,0,7,1
1045,"LECHE DE VACA, CON COCOA, FLUIDA","Leche, quesos y similares",1,82.57,77,3.52,2.33,10.63,1,0.65,105,105,0.48,0.04,0.18,0.13,0,51,0.68,0.03,1.43,8,197,44,0.63,23,0.04,0.42,0,5,1
1046,"LECHE DE VACA, DESCREMADA C/VIT A,  FLUIDA (1%GRASA)","Leche, quesos y similares",1,89.92,42,3.37,0.97,4.99,0,0.75,119,95,0.03,0.02,0.19,0.09,0,58,0.28,0.04,0.63,5,150,44,0.42,11,0.04,0.44,0,5,1
1047,"LECHE DE VACA, SEMIDESCREMADA (2 % GRASA), FORTIFICADA, FLUIDA","Leche, quesos y similares",1,87.71,56,3.95,1.98,5.49,0,0.87,143,112,0.06,0.05,0.19,0.1,1,0,0.57,0.07,1.23,8,182,59,0.45,16,0.05,0.43,0,6,1
1048,"QUESO AMARILLO, PASTRZ & PROCES,, RODAJAS BAJO EN GRASA","Leche, quesos y similares",1,58.9,180,24.6,7,3.5,0,6,684,827,0.43,0.03,0.39,0.08,0,57,2.01,0.22,4.41,35,180,1430,3.32,24,0.08,0.77,0,9,1
1049,"QUESO COTTAGE, SEMIDESCREMADO (2% GRASA)","Leche, quesos y similares",1,79.31,90,13.74,1.93,3.63,0,1.39,69,151,0.16,0.02,0.19,0.14,0,21,0.55,0.06,1.22,8,96,406,0.42,6,0.08,0.71,0,13,1
1050,"QUESO MOZARELA,  LECHE DESCREMADA","Leche, quesos y similares",1,53.78,254,24.26,15.92,2.77,0,3.27,782,463,0.22,0.02,0.3,0.1,0,127,4.51,0.47,10.11,64,84,619,2.76,23,0.07,0.82,0,9,1
1051,QUESO TIPO CAMEMBERT,"Leche, quesos y similares",1,51.8,300,19.8,24.26,0.46,0,3.68,388,347,0.33,0.03,0.49,0.63,0,241,7.02,0.72,15.26,72,187,842,2.38,20,0.23,1.3,0,62,1
1052,QUESO TIPO CHEDDAR,"Leche, quesos y similares",1,36.75,403,24.9,33.14,1.28,0,3.93,721,512,0.68,0.03,0.38,0.08,0,265,9.39,0.94,21.09,105,98,621,3.11,28,0.07,0.83,0,18,1
1053,QUESO TIPO FETA,"Leche, quesos y similares",1,55.22,264,14.21,21.28,4.09,0,5.2,493,337,0.65,0.15,0.84,0.99,0,125,4.62,0.59,14.95,89,62,1116,2.88,19,0.42,1.69,0,32,1
1054,QUESO TIPO FONDUE,"Leche, quesos y similares",1,61.61,229,14.23,13.47,3.77,0,1.85,476,306,0.39,0.03,0.2,0.19,0,109,3.56,0.48,8.72,45,105,132,1.96,23,0.05,0.83,4,11,1
1055,QUESO TIPO MONTERREY,"Leche, quesos y similares",1,41.01,373,24.48,30.28,0.68,0,3.55,746,444,0.72,0.01,0.39,0.09,0,198,8.75,0.9,19.07,89,81,536,3,27,0.08,0.83,0,18,1
1056,QUESO TIPO MUENSTER,"Leche, quesos y similares",1,41.77,368,23.41,30.04,1.12,0,3.66,717,468,0.41,0.01,0.32,0.1,0,298,8.71,0.66,19.11,96,134,628,2.81,27,0.06,1.47,0,12,1
1057,"QUESO TIPO SUIZO, BAJO EN GRASA","Leche, quesos y similares",1,59.6,179,28.4,5.1,3.4,0,3.5,961,605,0.17,0.02,0.36,0.09,0,40,1.35,0.18,3.3,35,111,260,3.9,36,0.08,1.68,0,6,1
1058,"QUESO AMARILLO, PASTRZ & PROCES,, RODAJAS C/PIMIENTO","Leche, quesos y similares",1,39.08,375,22.13,31.2,1.73,0.1,5.84,614,744,0.42,0.03,0.35,0.08,2,248,8.94,0.99,19.66,94,162,1428,2.98,22,0.07,0.7,0,8,1
1064,"QUESO TIPO RICOTTA, DESCREMADO","Leche, quesos y similares",1,74.41,138,11.39,7.91,5.14,0,1.15,272,183,0.44,0.02,0.19,0.08,0,107,2.31,0.26,4.93,31,125,125,1.34,15,0.02,0.29,0,13,1
1065,"QUESO TIPO RICOTTA, LECHE INTEGRA","Leche, quesos y similares",1,71.7,174,11.26,12.98,3.04,0,1.02,207,158,0.38,0.01,0.19,0.1,0,120,3.63,0.38,8.3,51,105,84,1.16,11,0.04,0.34,0,12,1
1066,SUERO ACIDO DE LECHE,"Leche, quesos y similares",1,93.42,24,0.76,0.09,5.12,0,0.61,103,78,0.08,0.04,0.14,0.08,0,2,0.03,0,0.06,1,143,48,0.43,10,0.04,0.18,0,2,1
1067,SUERO DULCE DE LECHE,"Leche, quesos y similares",1,93.12,27,0.85,0.36,5.14,0,0.53,47,46,0.06,0.04,0.16,0.07,0,3,0.1,0.01,0.23,2,161,54,0.13,8,0.03,0.28,0,1,1
1068,"YOGURT, LECHE DESCREMADA, SABOR CHOCOLATE","Leche, quesos y similares",1,71.57,112,3.53,0,23.53,1.2,1.37,88,166,0.42,0.05,0.22,0.22,0,0,0,0,0,1,339,135,1.13,40,0.05,0.5,0,12,1
1069,"LECHE DE VACA, DESCREMADA, EN POLVO (PL 480)","Leche, quesos y similares",1,3.16,362,36.16,0.77,51.98,0,7.93,1257,968,0.32,0.42,1.55,0.95,7,901,,,,,1794,535,4.08,110,0.36,4.03,,,1
2001,"HUEVO DE CODORNIZ, CRUDO",Huevos,2,74.35,158,13.05,11.09,0.41,0,1.1,64,226,3.65,0.13,0.79,0.15,0,156,4.32,1.32,3.56,844,132,141,1.47,13,0.15,1.58,0,66,0.92
2002,"HUEVO DE GALLINA, ENTERO, CRUDO",Huevos,2,75.84,147,12.58,9.94,0.77,0,0.86,53,191,1.83,0.07,0.48,0.07,0,140,3.81,1.36,3.1,423,134,140,1.11,12,0.14,1.29,0,47,0.88
2003,"HUEVO DE GALLINA, ENTERO, EN POLVO",Huevos,2,3.1,594,47.35,40.95,4.95,0,3.65,231,831,6.79,0.19,1.54,0.31,0,275,15.34,5.8,12.73,1715,493,523,5.28,42,0.39,3.95,0,171,1
2004,"HUEVO DE GALLINA, CLARA FRESCA",Huevos,2,87.57,52,10.9,0.17,0.73,0,0.63,7,15,0.08,0,0.44,0.1,0,0,0,0,0,0,163,166,0.03,11,0,0.09,0,4,1
2005,"HUEVO DE GALLINA, YEMA, FRESCA",Huevos,2,52.31,322,15.86,26.54,3.59,0,1.71,129,390,2.73,0.18,0.53,0.02,0,381,11.74,4.2,9.55,1234,109,48,2.3,5,0.35,1.95,0,146,1
2006,"HUEVO DE GALLINA, YEMA, POLVO",Huevos,2,2.95,666,34.25,55.8,3.6,0,3.4,284,920,5.42,0.29,1.88,0.09,0,417,21.13,7.89,17.15,2335,244,135,4.93,13,0.66,5.33,0,244,1
2007,"HUEVO DE IGUANA, CRUDO",Huevos,2,63.2,218,14.9,15.2,4.3,,2.4,421,439,2.1,0.14,0.6,0.5,,,,,,,,,,,,,,,0.88
2008,"HUEVO DE PATA, CRUDO",Huevos,2,70.83,185,12.81,13.77,1.45,0,1.14,64,220,3.85,0.16,0.4,0.2,0,194,6.53,1.22,3.68,884,222,146,1.41,17,0.25,5.4,0,80,0.88
2009,"HUEVO DE TORTUGA, CRUDO",Huevos,2,79.2,115,12.6,6.3,0.9,,1,62,180,1.6,0.28,0.31,0.1,,,,,,,,,,,,,,,0.89
2010,"HUEVO DE TORTUGA, COCIDO",Huevos,2,76.8,127,12.2,6.8,3.2,,1,81,238,2.1,0.19,0.25,0.03,0,,,,,,,,,,,,,,0.9
2011,"HUEVO DE PAVA, CRUDO",Huevos,2,72.5,171,13.68,11.88,1.15,0,0.79,99,170,4.1,0.11,0.47,0.02,0,166,4.57,1.66,3.63,933,142,151,1.58,13,0.13,1.69,0,71,0.88
3001,"CODORNIZ, CARNE CRUDA",Carne de aves,3,70.03,134,21.76,4.53,0,0,1.32,13,307,4.51,0.28,0.28,8.2,7,17,1.28,1.17,1.32,70,237,51,2.7,25,0.53,0.47,0,7,0.76
3002,"GANZO, CARNE CRUDA",Carne de aves,3,49.66,371,15.86,33.62,0,0,0.87,12,234,2.5,0.09,0.25,3.61,4,17,17.77,3.76,9.78,80,308,73,1.72,18,0.39,0.34,0,4,0.81
3003,"GALLO O GALLINA, CARNE CRUDA",Carne de aves,3,62.95,243,14.72,19.98,0,0,1.15,187,132,1.22,0.1,0.14,5.25,2,45,9.3,4.55,4.73,143,104,40,1.9,12,0.28,0.27,0,5,1
3004,"PALOMA, CARNE C/PIEL,CRUDA",Carne de aves,3,56.6,294,18.47,23.8,0,0,1.4,12,248,3.54,0.21,0.22,6.05,5,73,9.72,3.07,8.43,95,199,54,2.2,22,0.41,0.4,0,6,0.77
3005,"PATO DE CRIANZA, CARNE C/ PIEL, CRUDA",Carne de aves,3,54.3,326,16,28.6,0,,1,15,188,1.8,0.1,0.24,5.6,0,63,11.52,3.36,9.67,84,204,59,1.86,,0.18,0.3,6,,0.64
3006,"PAVO, CARNE C/PIEL, CRUDA",Carne de aves,3,70.4,160,20.42,8.02,0,0,0.88,15,178,1.43,0.06,0.16,4.09,0,2,2.9,1.98,2.26,68,266,65,2.2,22,0.41,0.4,0,8,0.79
3007,"PAVO, CARNE C/PIEL, HORNEADA",Carne de aves,3,61.7,208,28.1,9.73,0,0,1,26,203,1.79,0.06,0.18,5.09,0,0,3.19,2.48,2.84,82,280,68,2.96,25,0.41,0.35,0,7,0.79
3008,"PAVO, PECHUGA C/PIEL, CRUDA",Carne de aves,3,72.88,125,23.76,2.65,0,0,0.97,11,195,1.19,0.04,0.12,5.81,0,1,1,0.63,0.72,70,276,48,1.28,26,0.53,0.46,0,8,0.88
3009,"PAVO, PECHUGA C/PIEL, HORNEADA",Carne de aves,3,67.63,153,29.07,3.2,0,0,1.1,15,216,1.57,0.04,0.14,6.96,0,0,1.2,0.76,0.87,90,279,53,1.77,28,0.51,0.37,0,6,0.89
3010,"PAVO, PECHUGA S/PIEL, HORNEADA",Carne de aves,3,68.4,135,30.06,0.74,0,0,1.14,12,224,1.53,0.04,0.13,7.49,0,0,0.13,0.2,0.24,83,292,52,1.74,29,0.56,0.39,0,6,0.79
3011,"PAVO, PIERNA C/PIEL, CRUDA",Carne de aves,3,75.61,118,20.13,3.57,0,0,0.88,11,168,1.74,0.05,0.2,2.62,0,1,1.08,0.97,1.1,87,246,69,2.9,21,0.35,0.4,0,10,0.77
3012,"PAVO, PIERNA C/PIEL, HORNEADA",Carne de aves,3,65.62,170,28.49,5.41,0,0,0.99,23,200,2.59,0.05,0.26,3.26,0,0,1.61,1.48,1.67,70,252,80,4.09,24,0.34,0.37,0,9,0.75
3013,"PAVO, PIERNA S/PIEL, HORNEADA",Carne de aves,3,66.54,159,29.19,3.77,0,0,1.02,22,204,2.66,0.05,0.27,3.32,0,0,0.86,1.13,1.27,119,258,81,4.28,25,0.37,0.38,0,10,0.69
3014,"POLLO, ALAS C/PIEL, CRUDAS",Carne de aves,3,66.21,222,18.33,15.97,0,0,0.69,12,132,0.95,0.05,0.09,5.93,1,44,6.35,3.39,4.48,77,156,73,1.33,18,0.35,0.32,0,4,0.54
3015,"POLLO, ALAS C/PIEL, COCIDAS",Carne de aves,3,62.18,249,22.78,16.82,0,0,0.62,12,121,1.13,0.04,0.1,4.62,0,40,6.6,3.58,4.71,70,139,67,1.63,16,0.22,0.18,0,3,0.52
3016,"POLLO, ALAS C/PIEL, FRITAS",Carne de aves,3,48.62,321,26.11,22.16,2.39,0.1,0.72,15,150,1.25,0.06,0.14,6.7,0,38,8.89,4.95,6.06,81,177,77,1.76,19,0.41,0.28,3,8,0.53
3017,"POLLO, ALAS S/PIEL, COCIDAS",Carne de aves,3,67.01,181,27.18,7.18,0,0,0.73,13,134,1.12,0.04,0.11,5.2,0,16,2.31,1.57,2,74,153,73,2.02,18,0.32,0.22,0,3,0.32
3018,"POLLO, ALAS S/PIEL, FRITAS",Carne de aves,3,59.83,211,30.15,9.15,0,0,0.87,15,164,1.14,0.05,0.13,7.24,0,18,3.08,2.07,2.5,84,208,91,2.12,21,0.59,0.34,0,4,0.34
3019,"POLLO, CARNE C/PIEL, CRUDA",Carne de aves,3,65.5,216,17.14,15.85,0,0,0.87,10,166,1.01,0.06,0.12,6.57,0,38,6.64,3.4,4.53,73,196,68,1.07,19,0.32,0.31,0,6,0.72
3020,"POLLO, CARNE C/PIEL, COCIDA",Carne de aves,3,63.93,219,24.68,12.56,0,0,0.76,13,139,1.16,0.05,0.15,5.59,0,44,4.93,2.74,3.5,78,166,67,1.76,19,0.22,0.2,0,5,0.66
3021,"POLLO, CARNE C/PIEL, FRITA",Carne de aves,3,52.41,269,28.56,14.92,3.15,0.1,0.98,17,191,1.38,0.09,0.19,8.99,0,27,5.89,3.41,4.06,90,234,84,2.04,25,0.41,0.31,3,11,0.71
3022,"POLLO, CARNE C/PIEL, HORNEADA",Carne de aves,3,59.45,239,27.3,13.6,0,0,0.92,15,182,1.26,0.06,0.17,8.49,0,48,5.34,2.97,3.79,88,223,82,1.94,23,0.4,0.3,0,5,0.67
3023,"POLLO, CARNE S/PIEL, CRUDA",Carne de aves,3,75.46,119,21.39,3.08,0,0,0.96,12,173,0.89,0.07,0.14,8.24,2,16,0.9,0.75,0.79,70,229,77,1.54,25,0.43,0.37,0,7,0.48
3024,"POLLO, CARNE S/PIEL, COCIDA",Carne de aves,3,66.81,177,27.29,6.71,0,0,0.85,14,150,1.17,0.05,0.16,6.12,0,15,2.39,1.54,1.84,83,180,70,1.99,21,0.26,0.22,0,6,0.52
3025,"POLLO, CARNE S/PIEL, FRITA",Carne de aves,3,57.53,219,30.57,9.12,1.69,0.1,1.09,17,205,1.35,0.09,0.2,9.66,0,18,3.35,2.15,2.46,94,257,91,2.24,27,0.48,0.34,0,7,0.58
3026,"POLLO, CARNE S/PIEL, HORNEADA",Carne de aves,3,63.79,190,28.93,7.41,0,0,1.02,15,195,1.21,0.07,0.18,9.17,0,16,2.66,1.69,2.04,89,243,86,2.1,25,0.47,0.33,0,6,0.54
3027,"POLLO, CORAZON, CRUDO",Carne de aves,3,73.56,153,15.55,9.33,0.71,0,0.85,12,177,5.96,0.15,0.73,4.88,3,9,2.37,2.71,2.66,136,176,74,6.59,15,0.36,7.29,0,72,1
3028,"POLLO, HIGADO, CRUDO",Carne de aves,3,76.46,116,16.92,4.83,0,0,1.06,8,297,8.99,0.31,1.78,9.73,18,3296,1.25,0.82,1.56,345,230,71,2.67,19,0.85,16.58,0,588,1
3029,"POLLO, HIGADO, COCIDO",Carne de aves,3,66.81,167,24.46,6.51,0.87,0,1.36,11,405,11.63,0.29,1.99,11.05,28,3981,1.42,2.01,2.06,563,263,76,3.98,25,0.75,16.85,0,578,1
3030,"POLLO, MOLLEJA, CRUDA",Carne de aves,3,79.33,94,17.66,2.06,0,0,0.95,11,148,2.49,0.03,0.23,3.68,4,19,0.51,0.36,0.53,240,237,69,2.72,15,0.11,1.21,0,5,1
3031,"POLLO, MOLLEJA, COCIDA",Carne de aves,3,67.93,146,30.39,2.68,0,0,0.89,17,189,3.19,0.03,0.21,3.12,0,0,0.53,0.35,0.67,370,179,56,4.42,3,0.07,1.04,0,5,
3032,"POLLO, MUSLO C/PIEL, CRUDO",Carne de aves,3,67.68,211,17.27,15.25,0,0,0.81,10,145,0.99,0.06,0.15,5.43,2,44,6.51,3.38,4.39,84,192,76,1.6,20,0.26,0.3,0,8,0.79
3033,"POLLO, MUSLO C/PIEL, COCIDO",Carne de aves,3,63.11,232,23.26,14.74,0,0,0.78,11,139,1.37,0.06,0.19,4.89,0,45,5.84,3.25,4.11,84,170,71,2.25,19,0.17,0.19,0,6,0.76
3034,"POLLO, MUSLO C/PIEL, FRITO",Carne de aves,3,51.5,277,21.61,16.53,9.08,0.3,1.27,18,155,1.45,0.12,0.23,5.72,0,29,6.7,3.9,4.41,93,192,288,2.04,21,0.26,0.28,10,26,0.81
3035,"POLLO, MUSLO S/PIEL, CRUDO",Carne de aves,3,62.87,209,25.94,10.88,0,0,0.95,12,183,1.31,0.07,0.23,6.53,0,20,4.15,2.48,3.03,95,238,88,2.57,24,0.35,0.31,0,8,0.65
3036,"POLLO, MUSLO S/PIEL, COCIDO",Carne de aves,3,65.59,195,25,9.79,0,0,0.86,11,149,1.42,0.06,0.22,5.2,0,19,3.7,2.24,2.71,90,183,75,2.58,21,0.21,0.21,0,7,0.61
3037,"POLLO, MUSLO S/PIEL, FRITO",Carne de aves,3,59.31,218,28.18,10.3,1.18,0,1.04,13,199,1.46,0.09,0.25,7.12,0,21,3.82,2.43,2.78,102,259,95,2.79,26,0.38,0.33,0,9,0.64
3038,"POLLO, PECHUGA C/PIEL, CRUDA",Carne de aves,3,69.46,172,20.85,9.25,0,0,1.01,11,174,0.74,0.06,0.09,9.91,0,25,3.82,1.96,2.66,64,220,63,0.8,25,0.53,0.34,0,4,0.8
3039,"POLLO, PECHUGA S/PIEL, COCIDA",Carne de aves,3,68.27,151,28.98,3.03,0,0,0.91,13,165,0.88,0.04,0.12,8.47,0,6,1.03,0.66,0.85,77,187,63,0.97,24,0.33,0.23,0,3,0.7
3040,"POLLO, PECHUGA S/PIEL, FRITA",Carne de aves,3,60.21,187,33.44,4.71,0.51,0,1.14,16,246,1.14,0.08,0.13,14.78,0,7,1.72,1.07,1.29,91,276,79,1.08,31,0.64,0.37,0,4,0.73
3041,"POLLO, PIERNA C/PIEL, CRUDA",Carne de aves,3,69.91,187,18.15,12.12,0,0,0.85,10,149,1.01,0.07,0.16,5.43,3,37,4.89,2.65,3.41,83,198,79,1.77,21,0.29,0.32,0,11,0.73
3042,"POLLO, PIERNA C/PIEL, COCIDA",Carne de aves,3,64.01,220,24.17,12.92,0,0,0.79,11,139,1.35,0.05,0.19,4.59,0,37,5.04,2.87,3.57,84,176,73,2.43,20,0.18,0.2,0,6,0.7
3043,"POLLO, PIERNA C/PIEL, FRITA",Carne de aves,3,55.28,254,26.84,14.43,2.5,0.1,0.95,13,182,1.43,0.09,0.23,6.55,0,28,5.68,3.33,3.9,94,233,88,2.68,24,0.34,0.31,3,13,0.72
3044,"POLLO, PIERNA S/PIEL, COCIDA",Carne de aves,3,66.44,185,26.26,8.06,0,0,0.88,11,149,1.4,0.06,0.22,4.8,0,18,2.93,1.88,2.2,89,190,78,2.78,21,0.21,0.23,0,8,0.57
3045,"POLLO, PIERNA S/PIEL, FRITA",Carne de aves,3,60.61,208,28.38,9.32,0.65,0,1.05,13,193,1.4,0.08,0.25,6.69,0,20,3.43,2.22,2.49,99,254,96,2.98,25,0.39,0.34,0,9,0.6
3046,"POLLO, VISCERAS O MENUDOS, CRUDOS",Carne de aves,3,69.8,168,17.89,9.21,2.13,0,0.97,10,198,5.93,0.1,1.11,8.53,11,3152,2.75,2.1,2.63,240,226,77,3.01,18,0.52,10.83,0,350,1
3047,"POLLO, VISCERAS O MENUDOS, COCIDOS",Carne de aves,3,64,194,25.73,9.3,0.11,0,0.87,13,223,6.44,0.09,1.05,4.97,6,2864,2.94,1.89,2.66,355,154,56,4.28,20,0.41,9.48,0,367,1
4001,"CERDO, BAZO, CRUDO",Carne de cerdo,4,78.43,100,17.86,2.59,0,0,1.53,10,260,22.32,0.13,0.3,5.87,29,0,0.69,0.19,0.86,363,396,98,2.54,13,0.06,3.26,0,4,1
4002,"CERDO, CARNE MAGRA, CRUDA",Carne de cerdo,4,72.23,143,21.43,5.66,0,0,1.05,17,211,0.84,0.99,0.27,4.91,1,2,2.56,0.61,1.95,59,389,52,1.84,23,0.53,0.63,0,5,0.7
4003,"CERDO, CARNE SEMIMAGRA, CRUDA",Carne de cerdo,4,66.15,211,19.9,14.01,0,0,0.89,5,193,0.71,0.78,0.25,4.64,0,2,6.25,1.5,4.86,60,384,42,1.57,20,0.42,0.5,0,6,0.89
4004,"CERDO, CARNE RICA EN GRASA, CRUDA",Carne de cerdo,4,59.2,285,15.82,24.12,0,0,0.8,29,164,0.83,0.65,0.23,3.65,1,2,10.73,2.58,8.37,72,281,54,2.35,16,0.37,0.09,0,3,0.73
4005,"CERDO, CARNE SEMIMAGRA, ASADA",Carne de cerdo,4,53.37,260,27.63,15.76,0,0,1.12,28,237,0.77,0.83,0.3,4.95,0,2,7.01,1.24,5.79,82,401,62,2.26,26,0.37,0.67,0,8,0.94
4006,"CERDO, CARNE SEMIMAGRA, HORNEADA",Carne de cerdo,4,58.15,255,26.29,15.79,0,0,1.2,5,172,0.92,0.52,0.24,4.31,0,2,7.21,1.32,6.12,73,387,40,2.07,17,0.31,0.44,0,4,0.95
4007,"CERDO, CARNE SEMIMAGRA, FRITA",Carne de cerdo,4,56.34,273,25.82,18.05,0,0,1.18,11,228,0.73,0.71,0.31,4.8,0,2,7.96,2.08,6.72,73,428,50,2.04,24,0.36,0.59,0,7,0.92
4008,"CERDO, CORAZON, CRUDO",Carne de cerdo,4,76.21,118,17.27,4.36,1.33,0,0.84,5,169,4.68,0.61,1.18,6.76,5,8,1.02,1.12,1.16,131,294,56,2.8,19,0.39,3.79,0,4,1
4009,"CERDO, COSTILLA CRUDA",Carne de cerdo,4,59.39,282,16.12,23.58,0,0,0.91,32,143,0.91,0.58,0.26,4.57,0,3,10.65,1.96,8.73,81,233,75,2.31,16,0.4,0.82,0,4,0.62
4010,"CERDO, COSTILLA ASADA",Carne de cerdo,4,45.44,370,24.26,29.58,0,0,1.09,45,195,1.38,0.43,0.2,3.55,0,3,13.46,2.32,10.99,118,315,101,3.37,21,0.31,0.64,0,3,0.61
4011,"CERDO, CHARRASCA C/PIEL",Carne de cerdo,4,4.8,527,58.5,30.5,4.6,,1.6,94,88,6.2,0.03,0.38,2.43,,,,,,,,,,,,,,,1
4012,"CERDO, CHICHARRONES",Carne de cerdo,4,2.9,660,20.8,56.1,16.8,,3.4,61,149,2.8,0.03,0.2,3.8,0,,13.7,3.61,14.32,74,,,,,,,,,1
4013,"CERDO, ESTOMAGO, CRUDO",Carne de cerdo,4,73.5,159,16.85,10.14,0,0,0.63,11,130,1.01,0.05,0.2,2.48,0,0,3.59,0.89,4.03,223,140,75,1.85,11,0.03,0.3,0,3,1
4014,"CERDO, HIGADO, CRUDO",Carne de cerdo,4,71.06,134,21.39,3.65,2.47,0,1.44,9,288,23.3,0.28,3.01,15.3,25,6502,0.52,0.87,1.17,301,273,87,5.76,18,0.69,26,0,212,1
4015,"CERDO, LENGUA, CRUDA",Carne de cerdo,4,65.9,225,16.3,17.2,0,0,0.9,16,193,3.35,0.49,0.49,5.3,4,0,8.13,1.78,5.96,101,243,110,3.01,18,0.24,2.84,0,4,0.84
4016,"CERDO, PATAS, CRUDAS",Carne de cerdo,4,64.99,212,23.16,12.59,0,0,0.68,70,75,0.58,0.03,0.11,1.13,0,0,6.29,1.09,3.57,88,63,132,0.76,6,0.05,0.52,0,10,0.71
4017,"CERDO, PIERNA, CRUDA",Carne de cerdo,4,62.47,245,17.43,18.87,0,0,0.88,5,199,0.85,0.74,0.2,4.57,1,2,8.38,2.01,6.54,73,315,47,1.93,20,0.4,0.63,0,7,0.83
4018,"CERDO, PULMON, CRUDO",Carne de cerdo,4,79.52,85,14.08,2.72,0,0,0.8,7,196,18.9,0.09,0.43,3.35,12,0,0.61,0.34,0.96,320,303,153,2.03,14,0.1,2.75,0,3,0.87
4019,"CERDO, RIÑON, CRUDO",Carne de cerdo,4,80.06,100,16.46,3.25,0,0,1.17,9,204,4.89,0.34,1.7,8.21,13,59,1.07,0.26,1.04,319,229,121,2.75,17,0.44,8.49,0,42,0.93
4020,"CERDO, TOCINO, CURADO, CRUDO",Carne de cerdo,4,40.2,458,11.6,45.04,0.66,0,2.51,6,188,0.48,0.28,0.11,3.83,0,11,20.05,5.03,14.99,68,208,833,1.17,12,0.21,0.69,0,2,1
4021,"CERDO, TOCINO, ASADO O FRITO",Carne de cerdo,4,12.32,541,37.04,41.78,1.43,0,7.43,11,533,1.44,0.4,0.26,11.1,0,11,18.52,4.75,13.74,110,565,2310,3.5,33,0.35,1.23,0,2,1
4022,"CERDO, COLA O RABO, CRUDO",Carne de cerdo,4,46.05,378,17.75,33.5,0,0,0.5,18,50,0.99,0.21,0.11,2.06,0,0,15.8,3.68,11.64,97,349,63,2.31,8,0.37,0.88,0,5,0.7
4023,"CERDO, COLA O RABO, COCIDO",Carne de cerdo,4,46.7,396,17,35.8,0,0,0.4,14,47,0.79,0.07,0.07,1.12,0,0,16.89,3.94,12.45,129,157,25,1.64,7,0.27,0.55,0,4,0.68
4024,"CERDO, CARNE SEMIMAGRA, COCIDA",Carne de cerdo,4,54.55,273,27.57,17.18,0,0,1.13,25,232,1.1,0.77,0.33,4.93,0,2,7.64,1.45,6.22,91,354,62,2.9,24,0.39,0.77,0,6,0.76
4025,"CERDO, CARNE MAGRA, ASADA",Carne de cerdo,4,60.72,210,28.57,9.8,0,0,1.4,17,253,0.91,0.92,0.34,5.24,1,2,4.45,0.77,3.64,79,438,64,2.48,29,0.49,0.72,0,6,0.72
4026,"CERDO, CARNE MAGRA, HORNEADA",Carne de cerdo,4,61.4,204,28.57,9.12,0,0,1.4,18,183,1.13,0.66,0.27,4.59,1,2,4.16,0.7,3.38,79,387,50,2.48,20,0.39,0.55,0,4,0.72
4027,"CERDO, CARNE MAGRA, COCIDA",Carne de cerdo,4,61.02,209,28.62,9.63,0,0,1.25,18,249,1.09,1.02,0.33,5.89,1,2,4.32,0.76,3.51,81,425,58,2.53,28,0.55,0.73,0,1,0.72
5001,"CABRA, CARNE CRUDA",Carne de vacuno,5,75.84,109,20.6,2.31,0,0,1.11,13,180,2.83,0.11,0.49,3.75,0,0,1.03,0.17,0.71,57,385,82,4,,,1.13,0,5,1
5002,"CABALLO, CARNE CRUDA",Carne de vacuno,5,72.63,133,21.39,4.6,0,0,0.99,6,221,3.82,0.13,0.1,4.6,1,0,1.61,0.65,1.44,52,360,53,2.9,24,0.38,3,,,1
5003,"CABALLO, CARNE COCIDA",Carne de vacuno,5,63.98,175,28.14,6.05,0,0,1.31,8,247,5.03,0.1,0.12,4.84,2,0,2.12,0.85,1.9,68,379,55,3.82,25,0.33,3.16,,,1
5004,"CABRA, CARNE COCIDA",Carne de vacuno,5,68.21,143,27.1,3.03,0,0,1.46,17,201,3.73,0.09,0.61,3.95,0,0,1.36,0.23,0.93,75,405,86,5.27,0,0,1.19,0,5,1
5005,"CARNERO/OVEJA/CORDERO, CABEZA COCIDA, CARNE",Carne de vacuno,5,79.2,111,14.2,5.6,0,,1,17,130,2.1,0.02,0.24,1.8,0,,2,0.01,3,65,295,75,,,,,,,1
5006,"CARNERO/OVEJA/CORDERO, CARNE SEMIMAGRA, CRUDA",Carne de vacuno,5,61.4,253,18.2,19.4,0,0,1,7,190,2.5,0.07,0.15,2,0,0,7.65,1.48,8.07,70,239,59,3.52,,0.14,2.44,0,19,0.95
5007,"CARNERO/OVEJA/CORDERO, CORAZON, CRUDO",Carne de vacuno,5,75,139,16,7.8,0.2,0,1,6,202,3,0.22,0.13,5,5,0,1.6,0.55,2.25,135,316,89,1.87,,0.39,10.25,0,2,1
5008,"CARNERO/OVEJA/CORDERO, HIGADO, CRUDO",Carne de vacuno,5,72.2,128,20.3,4.2,0.9,0,2.4,14,287,6.6,0.2,3.02,12.8,18,7391,1.05,0.75,1.94,371,313,70,4.66,,0.9,90.05,0,230,1
5009,"CARNERO/OVEJA/CORDERO, PATAS COCIDAS",Carne de vacuno,5,76.5,109,21,2.1,0,,0.4,52,26,1,0.03,0.13,0.4,0,,,,,,,,,,,,,,0.49
5010,"CARNERO/OVEJA/CORDERO, PULMON, CRUDO",Carne de vacuno,5,83.7,76,12.5,2.5,0,0,1.3,18,241,7.3,0.09,0.62,3.3,5,27,0.67,0.35,0.89,,238,157,1.8,,0.11,3.93,0,12,1
5011,"CARNERO/OVEJA/CORDERO, SESOS, CRUDOS",Carne de vacuno,5,79.1,121,10,8,1.6,0,1.3,7,252,2.7,0.34,0.23,2.9,11,0,1.55,0.88,2.19,1352,296,112,1.17,,0.29,11.3,0,3,1
5012,"CARNERO/OVEJA/CORDERO, RIÑON, CRUDO",Carne de vacuno,5,76.7,109,18,3.2,0.8,0,1.3,40,270,4.1,0.51,3,6.1,10,95,0.63,0.55,1,337,277,156,2.24,,0.22,52.41,0,28,0.92
5013,"CORDERO, CARNE C/GRASA, CRUDA",Carne de vacuno,5,60.7,267,16.88,21.59,0,0,0.88,12,160,1.57,0.12,0.22,6.1,0,0,8.86,1.7,9.47,72,230,58,3.33,22,0.13,2.39,0,18,0.77
5014,"CORDERO, CARNE C/GRASA, COCIDA",Carne de vacuno,5,53.72,294,24.52,20.94,0,0,1.04,17,188,1.88,0.1,0.25,6.66,0,0,8.82,1.51,8.83,97,310,72,4.46,23,0.13,2.55,0,18,0.75
5015,"CORDERO, CARNE MAGRA, CRUDA",Carne de vacuno,5,73.42,134,20.29,5.25,0,0,1.06,10,189,1.77,0.13,0.23,6,0,0,2.11,0.48,1.88,65,280,66,4.06,26,0.16,2.62,0,23,0.58
5016,"CORDERO, CARNE MAGRA, COCIDA",Carne de vacuno,5,61.96,206,28.22,9.52,0,0,1.14,15,210,2.05,0.1,0.28,6.32,0,0,4.17,0.62,3.4,92,344,76,5.27,26,0.16,2.61,0,23,0.58
5017,"CORDERO, PIERNA CRUDA",Carne de vacuno,5,74.11,128,20.56,4.51,0,0,1.07,6,193,1.82,0.14,0.25,6.23,0,0,1.81,0.41,1.61,64,289,62,3.84,27,0.17,2.7,0,23,0.64
5018,"CORDERO, PIERNA ASADA",Carne de vacuno,5,63.89,191,28.3,7.74,0,0,1.09,8,206,2.12,0.11,0.29,6.34,0,0,3.39,0.51,2.76,89,338,68,4.94,26,0.17,2.64,0,23,0.65
5019,"RES, BAZO, CRUDO",Carne de vacuno,5,77.2,105,18.3,3,0,0,1.38,9,296,44.55,0.05,0.37,8.4,46,89,0.78,0.22,1,263,429,85,2.11,22,0.07,5.68,0,4,1
5020,"RES, CABEZA-CACHETE, COCIDA",Carne de vacuno,5,77.1,111,18.6,3.4,0.2,,0.7,52,57,0.5,0.02,0.24,1,0,,,,,,,,,,,,,,0.85
5021,"RES, CARNE MAGRA, CRUDA",Carne de vacuno,5,72.15,126,22.03,3.5,0,0,1.06,4,215,2.15,0.11,0.19,4.02,0,0,1.48,0.15,1.2,58,375,57,3.51,25,0.51,2.98,0,9,0.83
5022,"RES, CARNE SEMIMAGRA, CRUDA",Carne de vacuno,5,62.02,234,18.68,17.15,0,0,0.91,7,177,1.91,0.1,0.16,3.23,0,0,7.42,0.63,6.91,66,306,58,3.75,19,0.39,2.95,0,6,0.88
5023,"RES, CARNE SEMIMAGRA, ASADA",Carne de vacuno,5,52.77,291,26.42,19.71,0,0,1.09,9,208,2.68,0.09,0.22,3.72,0,0,8.46,0.71,7.77,87,319,63,6,23,0.34,2.47,0,7,0.87
5024,"RES, CARNE SEMIMAGRA, COCIDA",Carne de vacuno,5,56.48,264,26.44,16.78,0,0,1.03,19,204,1.69,0.07,0.13,7.04,0,0,6.99,0.62,6.61,88,328,54,4.75,22,0.55,1.56,0,8,0.88
5025,"RES, CARNE RICA EN GRASA, CRUDA",Carne de vacuno,5,57.83,288,18.28,23.3,0,0,0.84,7,171,1.79,0.09,0.15,3.32,0,0,10.13,0.87,9.56,68,297,53,3.38,19,0.38,2.78,0,6,0.91
5026,"RES, CARNE SALADA, OREADA",Carne de vacuno,5,66.6,198,14.7,14.9,0,,,7,,1.7,0.04,0.16,3.7,7,,6.08,0.38,4.73,86,297,1217,2.85,14,0.29,2,,,0.99
5027,"RES, CARNE SALADA, SECA",Carne de vacuno,5,16.3,317,64.8,4.5,0,,14.4,93,161,9.7,0.02,0.25,14.8,0,0,,,,,444,3471,5.24,,,,,,1
5028,"RES, CORAZON, CRUDO",Carne de vacuno,5,75.6,115,17,3.4,3,0,1,10,187,5.4,0.32,0.88,5,,0,1.14,0.55,1.38,124,287,98,1.7,,0.28,8.55,0,3,1
5029,"RES, CORAZON, COCIDO",Carne de vacuno,5,65.67,165,28.48,4.73,0.15,0,0.97,5,254,6.38,0.1,1.21,6.68,0,0,1.01,0.99,1.4,212,219,59,2.87,21,0.25,10.8,0,5,0.84
5030,"RES, CRIADILLAS, CRUDAS",Carne de vacuno,5,86.4,60,9.6,1.6,1.2,,1.2,16,212,1.2,,,2.05,,,,,,,,,,,,,,,1
5031,"RES, EXTRACTO DE CARNE",Carne de vacuno,5,37.8,208,39.2,1.8,6.2,,15,81,736,0.3,0.04,0.45,23.42,,,,,,,,,,,,,,,1
5032,"RES, HIGADO, CRUDO",Carne de vacuno,5,70.81,135,20.36,3.63,3.89,0,1.31,5,387,4.9,0.19,2.76,13.18,1,8082,0.48,0.47,1.23,275,313,69,4,18,1.08,59.3,0,290,1
5033,"RES, HIGADO, FRITO",Carne de vacuno,5,62.01,175,26.52,4.68,5.16,0,1.63,6,485,6.17,0.18,3.42,17.48,1,7744,0.65,0.97,1.49,381,351,77,5.23,22,1.03,83.13,0,260,1
5034,"RES, HIGADO, ASADO",Carne de vacuno,5,58.81,191,29.08,5.26,5.13,0,1.74,6,497,6.54,0.19,3.42,17.52,2,9442,0.65,1.04,1.7,396,352,79,5.3,21,1.02,70.58,0,253,1
5035,"RES, INTESTINOS",Carne de vacuno,5,69.2,220,11,19.1,0,0,0.7,12,110,1.8,0.04,0.16,2,0,53,1.31,1.1,15,150,270,46,2.47,8,,0.1,2,,0.95
5036,"RES, LENGUA, CRUDA",Carne de vacuno,5,64.53,224,14.9,16.09,3.68,0,0.8,6,133,2.95,0.13,0.34,4.24,3,0,7.24,0.9,7,87,315,69,2.87,16,0.31,3.79,0,7,0.84
5037,"RES, LENGUA, COCIDA",Carne de vacuno,5,57.87,284,19.29,22.3,0,0,0.69,5,145,2.61,0.02,0.29,3.49,1,0,10.1,0.75,8.13,132,184,65,4.09,15,0.16,3.13,0,7,0.84
5038,"RES, PANZA O MONDONGO, CRUDO",Carne de vacuno,5,81.1,90,14,2.7,1.4,0,0.8,60,50,2.2,0.01,0.09,0.6,0,21,1.53,0.18,1.29,122,67,97,1.42,,0.01,1.39,0,5,0.95
5039,"RES, PATAS",Carne de vacuno,5,,81,12.1,2.9,1.1,,,101,,2,0.02,0.12,0.7,0,,,,,,,,,,,,,,0.49
5040,"RES, PULMON",Carne de vacuno,5,79.38,92,16.2,2.5,0,0,0.98,10,224,7.95,0.05,0.23,4,39,14,0.64,0.34,0.86,242,340,198,1.61,14,0.04,3.81,0,11,0.76
5041,"RES, RIÑON, CRUDO",Carne de vacuno,5,77.89,103,17.4,3.09,0.29,0,1.33,13,257,4.6,0.36,2.84,8.03,9,419,0.59,0.55,0.87,411,262,182,1.92,17,0.67,27.5,0,98,0.84
5042,"RES, RIÑON, COCIDO",Carne de vacuno,5,66.88,158,27.27,4.65,0,0,1.31,19,304,5.8,0.16,2.97,3.92,0,0,0.71,0.83,1.07,716,135,94,2.84,12,0.39,24.9,0,83,1
5043,"RES, SESOS, CRUDOS",Carne de vacuno,5,76.29,143,10.86,10.3,1.05,0,1.51,43,362,2.55,0.09,0.2,3.55,11,7,1.89,1.59,2.3,3010,274,126,1.02,13,0.23,9.51,0,3,0.78
5044,"RES, SESOS, COCIDOS",Carne de vacuno,5,74.86,151,11.67,10.53,1.48,0,1.46,9,335,2.3,0.07,0.22,3.62,11,6,1.88,1.63,2.39,3100,244,108,1.09,12,0.14,10.1,0,5,1
5045,"RES, SESOS, FRITOS",Carne de vacuno,5,70.75,196,12.57,15.83,0,0,1.58,9,386,2.22,0.13,0.26,3.78,3,0,3.98,2.31,3.74,1995,354,158,1.35,15,0.39,15.2,0,6,1
5046,"RES, UBRE",Carne de vacuno,5,64.9,234,15.4,18.7,0,,1,70,160,2.6,0.09,0.18,1.3,0,,,,,,,,,,,,,,1
5047,"TERNERA, CARNE MAGRA",Carne de vacuno,5,75.91,112,20.2,2.87,0,0,1.08,15,211,0.85,0.08,0.28,7.83,0,0,0.92,0.3,0.86,83,328,86,3.23,25,0.43,1.4,0,13,0.65
5048,"TERNERA, CARNE SEMIMAGRA",Carne de vacuno,5,72.84,144,19.35,6.77,0,0,1.04,15,203,0.83,0.08,0.27,7.5,0,0,2.57,0.48,2.79,82,315,82,3.06,24,0.41,1.34,0,13,0.69
5049,"CARNERO/OVEJA/CORDERO, CARNE SEMIMAGRA, COCIDA",Carne de vacuno,5,55.82,271,25.51,18.01,0,0,1.06,16,193,1.93,0.1,0.26,6.55,0,0,7.63,1.29,7.45,96,318,72,4.74,24,0.14,2.57,0,19,0.76
5050,"TERNERA, CARNE MAGRA, COCIDA",Carne de vacuno,5,60.16,196,31.9,6.58,0,0,1.23,24,250,1.16,0.06,0.34,8.42,0,0,2.35,0.59,1.84,118,338,89,5.1,28,0.33,1.65,0,16,0.66
5051,"TERNERA, CARNE SEMIMAGRA, COCIDA",Carne de vacuno,5,57.08,231,30.1,11.39,0,0,1.2,22,239,1.15,0.06,0.32,7.97,0,0,4.4,0.8,4.28,114,325,87,4.76,26,0.31,1.57,0,15,0.72
6001,"ARMADILLO, CARNE",Carne de caza,6,64.5,172,29,5.4,0,,1.1,30,208,10.9,0.1,0.4,6,0,,,,,,,,,,,,,,1
6002,"COBAYO O CUYO, CARNE",Carne de caza,6,78.2,96,19,1.6,0,,1.2,29,253,1.9,0.06,0.14,6.5,,,,,,,,,,,,,,,0.32
6003,"CONEJO DE CRIANZA, CARNE CRUDA",Carne de caza,6,72.82,136,20.05,5.55,0,0,0.72,13,213,1.57,0.1,0.15,7.27,0,0,1.5,1.08,1.66,57,330,41,1.57,19,0.5,7.16,0,8,1
6004,"CONEJO DE CRIANZA, CARNE COCIDA",Carne de caza,6,58.82,206,30.38,8.41,0,0,1.09,20,226,2.37,0.06,0.17,7.16,0,0,2.27,1.63,2.51,86,300,37,2.37,20,0.34,6.51,0,9,1
6005,"CONEJO DE CRIANZA, CARNE ASADA",Carne de caza,6,60.61,197,29.06,8.05,0,0,1.04,19,263,2.27,0.09,0.21,8.43,0,0,2.17,1.56,2.4,82,383,47,2.27,21,0.47,8.3,0,11,1
6006,"IGUANA O GARROBO, CARNE CRUDA",Carne de caza,6,72.9,112,24.4,0.9,0,,1.8,25,252,3.4,0.05,0.24,8.2,0,,,,,,,,,,,,,,0.3
6007,"LAGARTO, CARNE SEMISECA, CRUDA",Carne de caza,6,45.6,232,45.6,4.2,0,,4.6,1231,767,11.4,0.1,0.3,6.3,0,,,,,,,,,,,,,,0.38
6008,"LIEBRE, CARNE, CRUDA",Carne de caza,6,73,135,21,5,0,,1,12,157,3.2,0.09,0.19,5,,,2,1,2,65,360,43,1.4,,0.5,10,5,,0.32
6009,"MAPACHE, CARNE ASADA,",Carne de caza,6,54.3,255,29.2,14.5,0,0,1.5,14,261,7.1,0.59,0.52,4.68,0,0,5.21,2.09,4.07,97,398,79,2.27,30,0.47,8.3,0,11,1
6010,"TORTUGA, CARNE CRUDA",Carne de caza,6,77.3,83,19.1,0.2,,,0.7,27,87,0.7,0.2,0.45,3,,,,,,,,,,,,,,,1
6011,"VENADO, CARNE ASADA",Carne de caza,6,65.23,158,30.21,3.19,0,0,1.52,7,226,4.47,0.18,0.6,6.71,0,0,0.88,0.62,1.25,112,335,54,2.75,24,,,,,1
6012,"VENADO, CARNE SEMISECA, SALADA",Carne de caza,6,61.1,142,31.4,0.9,0,,6.6,60,298,1.9,0.09,0.34,10,,,,,,,,,,,,,,,0.72
6013,"VENADO, CARNE CRUDA",Carne de caza,6,73.57,120,22.96,2.42,0,0,1.16,5,202,3.4,0.22,0.48,6.37,0,0,0.67,0.47,0.95,85,318,51,2.09,23,0.37,6.31,0,4,1
6014,"JABALI, CARNE CRUDA",Carne de caza,6,72.54,122,21.51,3.33,0,0,0.97,12,120,,0.39,0.11,4,0,0,1.3,0.48,0.99,,,,,,,,,,1
6015,"JABALI, CARNE COCIDA",Carne de caza,6,63.87,160,28.3,4.38,0,0,1.27,16,134,1.12,0.31,0.14,4.21,0,0,1.71,0.64,1.3,77,396,60,3.01,27,0.42,0.7,0,6,1
6016,"CONEJO DE CAZA, CARNE CRUDA",Carne de caza,6,74.51,114,21.79,2.32,0,0,1.12,12,226,3.2,0.03,0.06,6.5,0,0,0.63,0.45,0.69,81,378,50,,29,,,,,1
6017,"CONEJO DE CAZA, CARNE COCIDA",Carne de caza,6,61.37,173,33.02,3.51,0,0,1.7,18,240,4.85,0.02,0.07,6.4,0,0,0.95,0.68,1.05,123,343,45,2.38,31,0.34,6.51,0,8,1
7001,CARNE ENLATADA (DONACION PMA),Embutidos y similares,7,,220,21,15,,,,9,,1.9,0.15,0.19,3.2,0,,,,,,,,,,,,,,1
7002,"CARNE ENLATADA, DE RES O CORNED BEEF",Embutidos y similares,7,57.72,250,27.1,14.93,0,0,2.9,12,111,2.08,0.02,0.15,2.43,0,0,5.96,0.63,6.18,86,136,1006,3.57,14,0.13,1.62,0,9,1
7003,CHORIZO DE CERDO,Embutidos y similares,7,56.1,278,15.8,22.8,1.1,,4.2,41,130,4.1,0.21,0.17,3.03,1,,9.5,2.5,7.1,89,160,2505,2.3,,0.22,0.01,0,,0.98
7004,CHORIZO DE CERDO Y RES,Embutidos y similares,7,64.8,186,16.6,11.7,2.5,,4.4,40,144,4.7,0.15,0.15,2.8,0,,,,,,,,,,,,,,0.98
7005,CHORIZO DE RES,Embutidos y similares,7,64.7,202,13.8,13.5,5.6,,2.4,23,97,3.5,0.11,0.25,3.1,,,,,,,,,,,,,,,0.98
7006,"JAMON DE CERDO, CURADO (GRASA APROX, 4%)",Embutidos y similares,7,72.24,122,19.56,4.25,0,0,3.95,4,260,1,0.8,0.2,5.08,32,0,1.96,0.47,1.44,45,325,1269,2.02,19,0.37,0.79,0,4,1
7007,"JAMON DE CERDO, CURADO (GRASA APROX, 8%)",Embutidos y similares,7,66.92,162,18.26,8.39,2.28,0,4.15,7,236,0.9,0.89,0.24,5.09,0,0,3.94,0.93,2.7,53,297,1278,2.05,18,0.38,0.8,0,3,1
7008,"JAMON DE CERDO, CURADO (GRASA APROX, 13%)",Embutidos y similares,7,63.46,203,20.17,12.9,0.05,0,3.42,7,215,0.75,0.85,0.2,4.81,0,0,6.09,1.41,4.57,54,337,1386,1.88,16,0.47,0.8,0,4,0.97
7009,"JAMON DE CERDO, ENLATADO O SPAM",Embutidos y similares,7,51.7,315,13.4,26.6,4.6,0,3.7,0,151,0.64,0.32,0.18,3.53,0,0,12.11,1.81,8.95,71,409,1330,1.59,14,0.22,0.45,0,3,1
7010,"JAMON DE CERDO, PARA UNTAR",Embutidos y similares,7,62.6,216,8.68,15.53,10.65,0,2.55,8,120,0.59,0.44,0.12,2.1,0,0,7.2,2.7,5.06,37,150,912,1.1,10,0.15,0.76,0,1,1
7011,JAMON DE PAVO,Embutidos y similares,7,71.55,147,18.7,7.22,0.53,0,2,40,183,1.28,0.09,0.23,7,0,0,2.5,1.74,2.02,43,251,489,1.56,16,0.32,0.24,0,4,1
7012,JAMON DE POLLO,Embutidos y similares,7,68.6,154,19.53,7.38,2.44,0,2.05,43,157,0.97,0.06,0.13,5.29,0,24,2.92,1.53,1.97,50,228,584,0.72,19,0.21,0.15,0,2,1
7013,JAMON DE RES,Embutidos y similares,7,68.65,149,19.1,7.1,0.88,0,4.28,11,168,2.07,0.08,0.19,4.26,0,0,3.1,0.35,2.94,70,429,1413,3.98,19,0.34,2.57,0,11,1
7014,JAMON TIPO PICNIC,Embutidos y similares,7,60.2,232,14.92,16.64,4.76,0,3.48,47,125,1.02,0.37,0.24,2.31,0,0,7.68,1.89,6.07,38,267,1164,2.18,15,0.3,1.5,0,2,1
7015,LONGANIZA DE CERDO,Embutidos y similares,7,46.8,387,7.7,38.3,2.2,,5,41,98,3.7,0.36,0.19,1.82,2,,,,,,,,,,,,,,0.98
7016,"MORCILLA/MORONGA, C/GRASA",Embutidos y similares,7,70.2,183,13.8,12.8,2.2,,1,10,44,37,0.02,0.06,2.09,2,20,5.6,1.2,5,120,,,,,,,,,0.98
7017,"MORCILLA/MORONGA, S/GRASA",Embutidos y similares,7,71.7,111,25.1,0.2,0.6,,2.4,16,62,61.2,0.01,0.04,0.45,0,,,,,,,,,,,,,,0.98
7018,MORTADELA DE CERDO Y RES,Embutidos y similares,7,52.3,311,16.37,25.39,3.05,0,2.89,18,97,1.4,0.12,0.15,2.67,0,0,11.38,3.12,9.51,56,163,1246,2.1,11,0.13,1.48,0,3,1
7019,"PATE DE HIGADO DE GANSO, ENVASADO",Embutidos y similares,7,37.04,462,11.4,43.84,4.67,0,3.05,70,200,5.5,0.09,0.3,2.51,0,1001,25.61,0.84,14.45,150,138,697,0.92,13,0.06,9.4,0,60,1
7020,"PATE DE HIGADO DE POLLO, ENVASADO",Embutidos y similares,7,65.64,201,13.45,13.1,6.55,0,1.26,10,175,9.19,0.05,1.4,7.52,10,217,5.28,2.46,4,391,95,386,2.14,13,0.26,8.07,0,321,1
7021,"SALAMI DE CERDO Y RES, COCIDO",Embutidos y similares,7,60.4,250,13.92,20.11,2.25,0,3.32,13,115,2.67,0.24,0.38,3.55,0,0,9.19,2.02,8.09,65,198,1065,2.14,15,0.21,3.65,0,2,1
7022,"SALAMI DE RES, COCIDO",Embutidos y similares,7,60,258,12.6,22.2,1.9,0,3.3,6,205,2.2,0.1,0.19,3.24,0,0,10.65,1.04,9.86,71,188,1140,1.77,13,0.18,3.06,0,2,1
7023,SALCHICHA DE PAVO,Embutidos y similares,7,62.99,226,14.28,17.7,1.49,0,3.53,106,134,1.84,0.04,0.18,4.13,0,0,5.58,5,5.89,107,179,1426,3.11,14,0.23,0.28,0,8,1
7024,SALCHICHA DE POLLO,Embutidos y similares,7,57.53,257,12.93,19.48,6.78,0,3.28,95,107,2,0.07,0.12,3.09,0,39,8.48,4.04,5.54,101,84,1370,1.04,10,0.32,0.24,0,4,1
7025,SALCHICHA DE RES,Embutidos y similares,7,52.01,330,11.24,29.57,4.06,0,3.13,14,160,1.51,0.04,0.15,2.37,0,0,14.31,1.18,11.69,53,156,1140,2.46,14,0.09,1.72,0,5,1
7026,SALCHICHA DE RES Y CERDO,Embutidos y similares,7,55.96,305,11.53,27.64,1.72,0,3.15,11,86,1.15,0.2,0.12,2.63,0,18,13.67,2.73,10.77,50,167,1120,1.84,10,0.13,1.3,0,4,1
7027,"SALCHICHA TIPO VIENA, ENVASADA (POLLO&RES&CERDO)",Embutidos y similares,7,64.9,230,10.5,19.4,2.6,0,2.6,10,49,0.88,0.09,0.11,1.61,0,0,9.63,1.29,7.13,87,101,969,1.6,7,0.12,1.02,0,4,1
7028,SALCHICHON DE CERDO,Embutidos y similares,7,60.6,247,15.3,19.87,0.73,0,3.5,11,139,0.77,0.52,0.16,3.9,0,0,9.78,2.12,6.88,59,281,1184,2.03,14,0.27,0.93,0,5,1
7029,SALCHICHON DE RES Y CERDO,Embutidos y similares,7,51.87,308,15.2,24.59,5.49,0,2.85,85,163,1.21,0.22,0.19,2.52,1,25,10.53,1.12,9.3,60,315,736,2.3,17,0.3,1.82,0,6,1
7030,SALCHICHON DE RES,Embutidos y similares,7,54.26,314,10.27,28.19,3.98,0,3.29,31,172,1.1,0.03,0.1,2.52,15,13,12.22,0.78,11.13,56,172,1080,9.1,14,0.17,1.27,0,9,1
7031,PROTEMAS ( PROTEINA DE SOYA),Embutidos y similares,7,5.8,350,49.25,0.45,36,,7.75,350,950,15,,,,,,,,,,,,,,,,,,1
7032,"JAMON DE PAVO, AHUMADO, BAJO EN GRASA",Embutidos y similares,7,73.5,95,20.9,0.69,1.31,0,3.6,,,,,,,,0,0.25,0.19,0.22,48,,1160,,,,,,,1
7033,"JAMON DE CERDO, SPAM, ENLATADO (HORMEL)",Embutidos y similares,7,52.6,310,13.24,27.24,3.03,0,3.9,14,,0.9,,,,1,0,13.78,2.95,9.88,70,229,1369,1.8,14,,,0,3,1
7034,"JAMON PASTRAMI, PAVO",Embutidos y similares,7,71.73,123,16.3,4.33,3.68,0.1,3.98,11,200,4.2,0.05,0.25,3.53,16,4,1.48,1.14,1.18,68,345,981,2.16,14,0.27,0.24,0,5,1
7035,"JAMON PASTRAMI, RES",Embutidos y similares,7,69.53,146,21.8,5.82,0,0,3.4,10,175,2.22,0.06,0.18,4.26,1,33,2.08,0.19,2.68,68,235,885,4.89,19,0.27,1.82,0,7,1
7036,"PEPPERONI, RES Y CERDO",Embutidos y similares,7,30.52,466,20.35,40.28,4.04,1.5,4.81,21,176,1.44,0.53,0.23,5.42,1,0,19.04,2.63,16.09,118,315,1788,2.73,18,0.39,1.57,0,6,1
7037,SALAMI DE CERDO Y RES,Embutidos y similares,7,33.74,399,15.01,30.5,6.6,0.2,5.37,94,272,1.55,0.74,0.34,4.8,1,4,13.32,3.07,10.58,90,1372,623,3.08,31,0.49,1.76,0,8,1
7038,"SALCHICHA AHUMADA, DE RES Y CERDO",Embutidos y similares,7,53.97,320,12,28.73,2.42,0,2.89,12,121,0.75,0.19,0.11,2.94,0,13,12.24,3.93,9.77,58,179,911,1.26,13,0.16,0.58,0,2,1
7039,"SALCHICHA AHUMADA, DE RES Y CERDO, CON QUESO",Embutidos y similares,7,56.11,296,12.89,25.84,2.13,0,3.03,57,178,0.73,0.25,0.16,2.9,0,0,12.36,2.73,9.48,63,206,848,2.25,13,0.13,1.73,0,3,1
8001,"ALMEJAS, FRESCAS",Mariscos y pescados,8,81.82,74,12.77,0.97,2.57,0,1.87,46,169,13.98,0.08,0.21,1.76,13,90,0.08,0.28,0.09,34,314,56,1.37,9,0.06,49.44,0,16,1
8002,"ANCHOAS, FRESCAS",Mariscos y pescados,8,76.4,95,21.5,0.4,0,0,1.7,20,220,1.4,0.2,0.51,,,15,1.18,1.64,1.28,60,383,104,1.72,,0.14,0.62,0,9,1
8003,"CALAMAR, FRESCO",Mariscos y pescados,8,78.55,92,15.58,1.38,3.08,0,1.41,32,221,0.68,0.02,0.41,2.17,5,10,0.11,0.52,0.36,233,246,44,1.53,33,0.06,1.3,0,5,1
8004,"CALAMAR, SECO",Mariscos y pescados,8,21.7,305,62.3,4.3,,,6.9,46,471,2,0.06,0.42,4.7,,,,,,,,,,,,,,,0.8
8005,"CAMARON, FRESCO",Mariscos y pescados,8,75.86,106,20.31,1.73,0.91,0,1.2,52,205,2.41,0.03,0.03,2.55,2,54,0.25,0.67,0.33,152,185,148,1.11,37,0.1,1.16,0,3,1
8006,"CAMARON, SECO SALADO",Mariscos y pescados,8,20.4,293,63,2.2,1,,13.4,684,779,4.9,0.1,0.08,7.2,0,,,,,,,,,,,,,,0.9
8007,CAMARONCILLO SECO SALADO,Mariscos y pescados,8,47.8,153,24.8,3.5,3.9,,20,872,419,36.7,0.02,0.16,4.13,0,,,,,,,,,,,,,,0.5
8008,"CANGREJO, CRUDO",Mariscos y pescados,8,78.5,93,17.3,1.9,0.5,,1.8,43,175,0.8,0.16,0.08,2.8,2,,0.3,0.9,0.3,150,110,1000,4.3,,,,,,0.58
8009,"CARACOL DE MAR, CARNE DE",Mariscos y pescados,8,66,137,23.84,0.4,7.76,0,2,57,141,5.03,0.03,0.11,1.05,4,26,0.03,0.02,0.03,65,347,206,1.63,86,0.34,9.07,0,6,1
8010,"CONCHUELAS/CONCHAS, CARNE (VENERA)",Mariscos y pescados,8,78.57,88,16.78,0.76,2.36,0,1.53,24,219,0.29,0.01,0.06,1.15,3,15,0.04,0.26,0.08,33,322,161,0.95,56,0.15,1.53,0,16,1
8011,"JAIBAS, COCIDAS",Mariscos y pescados,8,79.5,81,17.3,1.3,0,0,1.9,43,140,0.8,0.16,0.08,2.8,0,651,0.2,0.5,0.2,78,265,41,4.3,,,,,,0.54
8012,JUTES,Mariscos y pescados,8,79.2,78,10,0.5,7.6,,2.7,1791,116,8.7,0.01,0.93,1.1,,,,,,,,,,,,,,,0.33
8013,"LANGOSTA, CRUDA",Mariscos y pescados,8,79.2,90,16.2,0.9,0.5,,,40,,0.5,0.4,0.05,1.5,0,,0.2,0.2,0.2,200,300,,1.8,22,,1,17,,0.4
8014,"LANGOSTA, COCIDA",Mariscos y pescados,8,76.03,98,20.5,0.59,1.28,0,1.6,61,185,0.39,0.01,0.07,1.07,0,26,0.16,0.09,0.11,72,352,380,2.92,35,0.08,3.11,0,11,1
8015,"LANGOSTINO, FRESCO",Mariscos y pescados,8,82.24,77,15.97,0.95,0,0,1.34,27,256,0.84,0.07,0.03,2.21,1,16,0.17,0.29,0.16,114,302,58,1.3,27,0.11,2,0,37,1
8016,"OSTRAS, CARNE FRESCA",Mariscos y pescados,8,82.06,81,9.45,2.3,4.95,0,1.23,8,162,5.11,0.07,0.23,2.01,8,81,0.36,0.89,0.51,50,168,106,16.62,22,0.05,16,0,10,1
8017,"OSTRAS, CARNE ENLATADA",Mariscos y pescados,8,85.14,69,7.06,2.47,3.91,0,1.42,45,139,6.7,0.15,0.17,1.24,5,90,0.25,0.74,0.63,55,229,112,90.95,54,0.09,19.13,0,9,1
8018,"PESCADO CARNE, ARENQUE, FRESCO",Mariscos y pescados,8,70.27,186,14.37,13.84,0,0,1,3,164,0.66,0.06,0.08,1.5,0,17,8.38,1.37,2.42,46,268,80,0.4,26,0.42,1,0,1,1
8019,"PESCADO CARNE, ATUN ENLATADO C/ACEITE, SOLIDOS",Mariscos y pescados,8,64.02,186,26.53,8.08,0,0,2.18,4,267,0.65,0.02,0.08,11.7,0,5,3.26,2.97,1.28,31,333,396,0.47,34,0.43,2.2,0,5,1
8020,"PESCADO CARNE, ATUN ENLATADO C/AGUA, SOLIDOS",Mariscos y pescados,8,73.19,128,23.62,2.97,0,0,1.46,14,217,0.97,0.01,0.04,5.8,0,6,0.78,1.11,0.79,42,237,377,0.48,33,0.22,1.17,0,2,1
8021,"PESCADO CARNE, BACALAO, FRESCO",Mariscos y pescados,8,81.22,82,17.81,0.67,0,0,1.16,16,203,0.38,0.08,0.06,2.06,1,12,0.09,0.23,0.13,43,413,54,0.45,32,0.25,0.91,0,7,0.81
8022,"PESCADO CARNE, BACALAO, SECO SALADO",Mariscos y pescados,8,16.14,290,62.82,2.37,0,0,18.67,160,950,2.5,0.27,0.24,7.5,4,42,0.34,0.8,0.46,152,1458,7027,1.59,133,0.86,10,0,25,0.9
8023,"PESCADO CARNE, BAGRE, FRESCO",Mariscos y pescados,8,80.36,95,16.38,2.82,0,0,0.96,14,209,0.3,0.21,0.07,1.91,1,15,0.84,0.87,0.72,58,358,43,0.51,23,0.12,2.23,0,10,1
8024,"PESCADO CARNE, BONITO, FRESCO",Mariscos y pescados,8,67.6,168,24,7.3,0,,,26,,0.7,0.02,0.05,12.8,0,,,,,,293,40,0.3,,,,,,0.51
8025,"PESCADO CARNE, BONITO, SECO SALADO",Mariscos y pescados,8,44,198,32.2,5.1,3.4,,15.2,112,164,6.1,0.07,0.13,6.2,0,,,,,,293,40,0.3,,,,,,0.9
8026,"PESCADO CARNE, CARPA, FRESCA",Mariscos y pescados,8,76.31,127,17.83,5.6,0,0,1.46,41,415,1.24,0.12,0.05,1.64,2,9,2.33,1.43,1.08,66,333,49,1.48,29,0.19,1.53,0,15,1
8027,"PESCADO CARNE, CORVINA, FRESCA",Mariscos y pescados,8,78.03,104,17.78,3.17,0,0,1.11,15,210,0.37,0.08,0.09,4.2,0,18,1.15,0.46,1.09,61,345,56,0.42,40,0.3,2.5,0,15,1
8028,"PESCADO CARNE, LENGUADO, FRESCO",Mariscos y pescados,8,79.06,91,18.84,1.19,0,0,1.2,18,184,0.36,0.09,0.08,2.9,2,10,0.23,0.33,0.28,48,361,81,0.45,31,0.21,1.52,0,8,1
8029,"PESCADO CARNE, MACARELA, FRESCA",Mariscos y pescados,8,63.55,205,18.6,13.89,0,0,1.35,12,217,1.63,0.18,0.31,9.08,0,50,5.46,3.35,3.26,70,314,90,0.63,76,0.4,8.71,0,1,1
8030,"PESCADO CARNE, MERLUZA, FRESCA",Mariscos y pescados,8,79.92,87,18.91,0.72,0,0,1.21,33,188,1.05,0.04,0.04,3.8,0,17,0.12,0.24,0.13,57,311,68,0.37,39,0.3,1.2,0,12,1
8031,"PESCADO CARNE, MERO, FRESCO",Mariscos y pescados,8,77.92,110,20.81,2.29,0,0,1.36,47,222,0.84,0.06,0.08,5.85,0,47,0.75,0.73,0.32,32,450,54,0.42,83,0.34,1.18,0,12,1
8032,"PESCADO CARNE, PARGO, FRESCO",Mariscos y pescados,8,75.37,105,18.88,2.73,0,0,1.21,40,185,0.53,0.11,0.1,4.1,0,27,0.56,1.03,0.64,52,287,42,0.48,23,0.3,1.4,0,15,1
8033,"PESCADO CARNE, PEJERREY, FRESCO",Mariscos y pescados,8,78.8,87,18.8,0.8,0,0,1.6,105,311,0.7,0.01,0.05,4.5,0,,,,,,256,68,,,,,,,0.81
8034,"PESCADO CARNE, PEJESAPO, COCIDO",Mariscos y pescados,8,78.8,88,18.7,0.3,1.3,,0.9,109,136,1,0.04,0.11,1.2,0,,,,,,,,,,,,,,0.81
8035,"PESCADO CARNE, PEZ SIERRA, FRESCO",Mariscos y pescados,8,72.3,134,21.8,4.6,0,0,1.3,54,238,1.2,0.14,0.19,4.1,,12,0.09,0.23,0.13,43,413,54,0.45,,0.25,0.91,0,7,0.75
8036,"PESCADO CARNE, RAYA, FILETE ASADO",Mariscos y pescados,8,65.9,141,31.1,0.4,1.2,,1.4,15,215,1.2,,0.15,3.8,0,,,,,,,,,,,,,,1
8037,"PESCADO CARNE, ROBALO, FRESCO",Mariscos y pescados,8,78.27,97,18.43,2,0,0,1.09,10,194,0.29,0.11,0.12,1.6,0,55,0.42,0.74,0.51,41,256,68,0.4,41,0.4,0.3,0,5,1
8038,"PESCADO CARNE, SALMON ROSADO, ENLATADO",Mariscos y pescados,8,68.81,139,19.78,6.05,0,0,2.6,213,329,0.84,0.02,0.19,6.54,0,17,1.81,2.05,1.53,55,326,554,0.92,34,0.3,4.4,0,15,1
8039,"PESCADO CARNE, SARDINA ENLATADA C/ACEITE",Mariscos y pescados,8,59.61,208,24.62,11.45,0,0,3.38,382,490,2.92,0.08,0.23,5.24,0,32,3.87,5.15,1.53,142,397,505,1.31,39,0.17,8.94,0,12,1
8040,"PESCADO CARNE, SARDINA ENLATADA C/TOMATE",Mariscos y pescados,8,66.65,186,20.86,10.46,0.74,0.1,1.88,240,366,2.3,0.04,0.23,4.2,1,34,4.82,2.11,2.69,61,341,414,1.4,34,0.12,9,0,24,1
8041,"PESCADO CARNE, SECA SALADA",Mariscos y pescados,8,20.6,308,58.4,3.9,5.8,,11.3,122,351,18.6,0.39,0.54,8.4,,,,,,,,,,,,,,,0.8
8042,"PESCADO CARNE, TIBURON, FRESCO",Mariscos y pescados,8,73.58,130,20.98,4.51,0,0,1.39,34,210,0.84,0.04,0.06,2.94,0,70,1.81,1.2,0.93,51,160,79,0.43,49,0.4,1.49,0,3,1
8043,"PESCADO CARNE, TIBURON, FRITA",Mariscos y pescados,8,60.09,228,18.62,13.82,6.39,0,1.25,50,194,1.11,0.07,0.1,2.78,0,54,5.93,3.7,3.2,59,155,122,0.48,43,0.3,1.21,10,22,1
8044,"PESCADO CARNE, TRUCHA, FRESCA",Mariscos y pescados,8,71.42,148,20.77,6.61,0,0,1.17,43,245,1.5,0.35,0.33,4.5,1,17,3.25,1.5,1.15,58,361,52,0.66,22,0.2,7.79,0,13,0.46
8045,"PESCADO CARNE, ENLATADA C/ACEITE (DONACION PMA)",Mariscos y pescados,8,,305,22,24,,,,44,,1.3,0.06,0.2,2.6,0,,,,,,,,,,,,,,1
8046,"PESCADO, HUEVOS",Mariscos y pescados,8,78.3,100,17.2,3,0,,1.5,24,274,1.8,0.07,0.4,2.8,10,,,,,,,,,,,,,,1
8047,"PESCADO SECO PEQUEÑO, PREPARADO C/SAL",Mariscos y pescados,8,13.2,409,43.6,21.6,6.9,,14.7,3471,2028,18.8,0.34,0.24,4.12,0,,,,,,,,,,,,,,1
8048,"PULPO, FRESCO",Mariscos y pescados,8,80.25,82,14.91,1.04,2.2,0,1.6,53,186,5.3,0.03,0.04,2.1,5,45,0.16,0.24,0.23,48,350,230,1.68,30,0.36,20,0,16,1
8049,"PESCADO CARNE, MOJARRA FRESCA",Mariscos y pescados,8,77.3,106,19.2,2.7,0,,,15,,3.7,0.06,0.05,5.4,0,5,,,,,,,,,,,,,0.5
8050,"CANGREJO, COCIDO",Mariscos y pescados,8,78.4,97,14.8,2.9,1.9,,2,423,203,4.1,0.06,0.34,1.8,,651,0.2,0.5,0.2,78,265,41,4.3,,,,,,0.58
8051,ALMEJAS ENLATADAS,Mariscos y pescados,8,97.7,2,0.4,0.02,0.1,0,1.8,13,114,0.3,0.01,0.02,0.18,1,9,0,0.01,0,3,149,215,0.1,11,0.01,5,0,2,1
8052,MEJILLONES FRESCOS,Mariscos y pescados,8,80.58,86,11.9,2.24,3.69,0,1.59,26,197,3.95,0.16,0.21,1.6,8,48,0.51,0.61,0.43,28,320,286,1.6,34,0.05,12,0,42,1
8053,"CAMARON, COCIDO",Mariscos y pescados,8,77.28,99,20.91,1.08,0,0,1.57,39,137,3.09,0.03,0.03,2.59,2,68,0.2,0.44,0.29,195,182,224,1.56,34,0.13,1.49,0,4,1
8054,CALAMAR COCIDO,Mariscos y pescados,8,64.54,175,17.94,7.48,7.79,0,1.59,39,251,1.01,0.06,0.46,2.6,4,11,2.75,2.14,1.88,260,279,306,1.74,38,0.06,1.23,9,20,1
8055,"CAVIAR GRANULADO, NEGRO Y ROJO",Mariscos y pescados,8,47.5,252,24.6,17.9,4,0,6.5,275,356,11.88,0.19,0.62,0.12,0,561,4.63,7.41,4.06,588,181,1500,0.95,300,0.32,20,0,50,1
8056,"PESCADO CARNE, TILAPIA, CRUDA",Mariscos y pescados,8,78.08,96,20.08,1.7,0,0,0.93,10,170,0.56,0.04,0.06,3.9,0,0,0.49,0.39,0.57,50,302,52,0.33,27,0.16,1.58,0,24,1
8057,"PESCADO CARNE, TILAPIA, ASADA",Mariscos y pescados,8,71.59,128,26.15,2.65,0,0,1.14,14,204,0.69,0.09,0.07,4.74,0,0,0.95,0.6,0.94,57,380,56,0.41,34,0.12,1.86,0,6,1
8058,"PESCADO CARNE, SALMON AHUMADO",Mariscos y pescados,8,72,117,18.28,4.32,0,0,2.62,11,164,0.85,0.02,0.1,4.72,0,26,2.02,1,0.93,23,175,784,0.31,18,0.28,3.26,0,2,1
8059,"PESCADO CARNE, SALMON",Mariscos y pescados,8,71.64,179,19.93,10.43,0,0,1.33,26,289,0.25,0.05,0.11,8.42,4,136,4.4,2.8,3.1,50,394,47,0.44,95,0.4,1.3,0,30,1
9001,"ARVEJA, GRANO SECO","Leguminosas, granos secos y derivados",9,11.27,341,24.55,1.16,60.37,25.5,2.65,55,366,4.43,0.73,0.22,2.89,2,7,0.24,0.5,0.16,0,981,15,3.01,115,0.17,0,0,274,1
9002,"ARVEJA, GRANO SECO, HARINA","Leguminosas, granos secos y derivados",9,10,351,23.4,2.1,62,,2.5,81,297,6,0.59,0.17,3.1,1,,,,,,,,,,,,,,1
9003,"FRIJOL BLANCO, GRANO SECO","Leguminosas, granos secos y derivados",9,11.32,333,23.36,0.85,60.27,15.2,4.2,240,301,10.44,0.44,0.15,0.48,0,0,0.07,0.36,0.22,0,1795,16,3.67,190,0.32,0,0,388,1
9004,"FRIJOL BLANCO, ENLATADO","Leguminosas, granos secos y derivados",9,70.1,117,7.26,0.29,21.94,4.8,0.42,73,91,2.99,0.1,0.04,0.11,0,0,0.03,0.12,0.07,0,454,5,1.12,51,0.08,0,0,65,1
9005,"FRIJOL CAUPI O COSTEÑO, GRANO SECO","Leguminosas, granos secos y derivados",9,11.95,336,23.52,1.26,60.03,10.6,3.24,110,424,8.27,0.85,0.23,2.08,2,3,0.11,0.54,0.33,0,1112,16,3.37,184,0.36,0,0,633,1
9006,"FRIJOL CUBA O PILOY, GRANO SECO","Leguminosas, granos secos y derivados",9,13.6,328,22.8,1.5,58.1,16.4,4,128,328,5.4,0.3,0.11,2.1,,1,0.08,0.23,0.15,0,1359,12,2.79,,0.4,0,394,,1
9007,"FRIJOL CHIRICANO DE PANAMA, GRANO SECO","Leguminosas, granos secos y derivados",9,,359,21,0.9,68.5,15.2,,67,510,6.5,0.82,0.15,2,0,0,0.08,0.59,0.15,0,1359,12,2.79,,0.4,0,0,394,1
9008,"FRIJOL LABLAB O FRIJOL TREPADOR, GRANO SECO","Leguminosas, granos secos y derivados",9,9.38,344,23.9,1.69,60.76,,4.29,130,372,5.1,1.13,0.14,1.61,0,0,,,0.29,0,1235,21,9.3,283,0.16,0,0,23,1
9009,"FRIJOL NEGRO, GRANO SECO","Leguminosas, granos secos y derivados",9,10.4,343,22.7,1.6,61.6,18.37,3.7,134,415,7.1,0.47,0.15,2.09,1,0,0.1,0.27,0.29,0,1464,8,2.55,,0.53,0,463,,1
9010,"FRIJOL PILIGUE, GRANO SECO","Leguminosas, granos secos y derivados",9,14.6,327,18,1.3,62.2,18.37,3.9,126,325,8.9,0.5,0.15,2.48,,1,0.23,0.17,0.23,0,1038,25,2.54,,0.44,0,506,,1
9011,"FRIJOL QUIMBOLITO O FRIJOL DE ARROZ, GRANO SECO","Leguminosas, granos secos y derivados",9,10.5,338,19.3,0.6,65.4,,4.2,218,313,7.2,0.58,0.08,2.2,,9,0.05,0.21,0.16,0,1724,18,2.83,,0.51,0,395,,1
9012,"FRIJOL ROJO O POROTO, GRANO SECO","Leguminosas, granos secos y derivados",9,11.75,337,22.53,1.06,61.29,15.2,3.37,83,406,6.69,0.61,0.22,2.11,5,0,0.08,0.59,0.15,0,1359,12,2.79,138,0.4,0,0,394,1
9013,"FRIJOL SOYA, GRANO SECO","Leguminosas, granos secos y derivados",9,8.54,416,36.49,19.94,30.16,9.3,4.87,277,704,15.7,0.87,0.87,1.62,6,0,4.4,11.26,2.88,0,1797,2,4.89,280,0.38,0,0,375,1
9014,"FRIJOL SOYA, HARINA (BAJA EN GRASA)","Leguminosas, granos secos y derivados",9,2.7,372,46.53,6.7,37.98,10.2,6.09,188,593,5.99,0.38,0.28,2.16,0,2,1.48,3.78,0.97,0,2570,18,1.18,229,0.52,0,0,410,1
9015,"FRIJOL SOYA, LECHE FLUIDA","Leguminosas, granos secos y derivados",9,88.03,52,4.48,1.92,4.93,1.3,0.64,38,55,1.1,0.06,0.05,0.29,0,31,0.38,0.77,0.23,0,124,55,0.44,25,0.1,1.22,0,16,1
9016,"FRIJOL SOYA, LECHE POLVO","Leguminosas, granos secos y derivados",9,3,425,28.3,17.8,43.8,,7.1,597,717,10.7,1.17,1.67,5.76,53,10,,,,,,,,,,,,,1
9017,"FRIJOL TODA VARIEDAD, GRANO SECO","Leguminosas, granos secos y derivados",9,11.75,333,23.58,0.83,60.01,24.9,3.83,143,407,8.2,0.53,0.22,2.06,5,0,0.06,0.46,0.12,0,1406,24,2.79,140,0.4,0,0,394,1
9018,"FRIJOL TODA VARIEDAD, COCIDO, ENVASADO SOL&LIQ","Leguminosas, granos secos y derivados",9,78.04,82,5.22,0.6,14.5,4.3,1.64,34,90,1.17,0.12,0.05,0.41,1,0,0.23,0.16,0.08,0,237,296,0.46,27,0.07,0,0,36,1
9019,"FRIJOL TODA VARIEDAD, COCIDO, C/CERDO&TOMATE, ENVASADO","Leguminosas, granos secos y derivados",9,73.5,94,5.15,0.93,18.69,4,1.73,56,116,3.24,0.05,0.05,0.49,3,4,0.48,0.14,0.26,7,295,437,5.48,34,0.06,0,0,15,1
9020,"FRIJOL TODA VARIEDAD, HARINA","Leguminosas, granos secos y derivados",9,9.1,336,22.5,2.1,59.1,,,146,,13.5,0.03,0.67,1.7,0,0,0.13,0.36,0.38,0,1464,8,2.55,182,0.16,0,463,,1
9021,"FRIJOL TODA VARIEDAD, REFRITO, ENVASADO","Leguminosas, granos secos y derivados",9,75.97,94,5.49,1.26,15.53,5.3,1.75,35,86,1.66,0.03,0.02,0.31,6,0,0.56,0.15,0.47,8,267,299,1.17,33,0.14,0,0,11,1
9022,"GARBANZO, GRANO SECO","Leguminosas, granos secos y derivados",9,11.53,364,19.3,6.04,60.65,17.4,2.48,105,366,6.24,0.48,0.21,1.54,4,3,1.36,2.69,0.63,0,875,24,3.43,115,0.54,0,0,557,1
9023,"GARBANZO, ENLATADO","Leguminosas, granos secos y derivados",9,69.69,119,4.95,1.14,22.62,4.4,1.61,32,90,1.35,0.03,0.03,0.14,4,1,0.26,0.51,0.12,0,172,299,1.06,29,0.47,0,0,67,1
9024,"GUANDU/GANDUL/FRIJOL DE PALO, GRANO SECO","Leguminosas, granos secos y derivados",9,10.59,343,21.7,1.49,62.78,15,3.45,130,367,5.23,0.64,0.19,2.96,0,1,0.01,0.81,0.33,0,1392,17,2.76,183,0.28,0,0,456,1
9025,"HABA BLANCA, GRANO SECO","Leguminosas, granos secos y derivados",9,12,331,25.4,1.3,57.1,,4.2,96,343,4.9,0.46,0.15,2.1,,,,,,,,,,,,,,,0.8
9026,"HABA SECA, GRANO CRUDO","Leguminosas, granos secos y derivados",9,10.98,341,26.12,1.53,58.29,25,3.08,103,421,6.7,0.56,0.33,2.83,1,3,0.3,0.63,0.25,0,1062,13,3.14,192,0.37,0,0,423,1
9027,"HABA SECA, HARINA","Leguminosas, granos secos y derivados",9,7.3,348,27.6,1.9,58.1,,,78,,18.2,0.45,0.29,2,0,5,0.26,0.5,0.22,0,1062,13,3.14,192,0.37,0,423,,1
9028,"HABA SECA, GRANO TOSTADO","Leguminosas, granos secos y derivados",9,5.3,366,26.4,2,63.3,,3,60,479,6.8,0.21,0.35,2.4,2,,,,,,,,,,,,,,0.82
9029,"LENTEJA SECA, GRANO","Leguminosas, granos secos y derivados",9,10.4,353,25.8,1.06,60.08,30.5,2.67,56,451,7.54,0.87,0.21,2.61,4,2,0.19,0.52,0.16,0,955,6,4.78,122,0.54,0,0,479,1
9030,"LENTEJA SECA, HARINA","Leguminosas, granos secos y derivados",9,10,349,24.3,1.4,62.1,,2.2,69,362,7.2,0.47,0.34,2.4,0,,,,,,,,,,,,,,1
9031,"ARVEJA, GRANO SECO, COCIDO S/SAL","Leguminosas, granos secos y derivados",9,69.49,118,8.34,0.39,21.1,8.3,0.68,14,99,1.29,0.19,0.06,0.89,0,0,0.08,0.17,0.05,0,362,2,1,36,0.05,0,0,65,1
9034,"FRIJOL BLANCO, COCIDO S/SAL","Leguminosas, granos secos y derivados",9,63.08,139,9.73,0.35,25.09,6.3,1.75,90,113,3.7,0.12,0.05,0.14,0,0,0.03,0.15,0.09,0,561,6,1.38,63,0.09,0,0,81,1
9035,"FRIJOL ROJO, COCIDO S/SAL","Leguminosas, granos secos y derivados",9,66.94,127,8.67,0.5,22.8,7.4,1.09,28,142,2.94,0.16,0.06,0.58,1,0,0.04,0.28,0.07,0,403,2,1.07,45,0.12,0,0,130,1
9036,"FRIJOL TODA VARIEDAD, GRANO SECO (PL 480)","Leguminosas, granos secos y derivados",9,11.8,333,23.6,0.8,60,24.9,3.8,143,407,8.2,0.5,0.2,2.1,5,2,,,,,1406,24,2.8,140,0.4,0,,,1
10001,"ALMENDRA, SECA",Nueces y semillas,10,4.47,581,21.94,50.62,19.94,10.4,3.02,216,480,3.72,0.2,0.56,3.66,0,0,32.29,12.05,3.89,0,687,28,3.12,275,0.12,0,0,30,1
10002,"ALMENDRA, SECA TOSTADA, C/SAL",Nueces y semillas,10,2.6,597,22.09,52.83,19.29,11.8,3.2,266,489,4.51,0.07,0.86,3.85,0,0,33.66,12.65,4.05,0,746,1,3.54,286,0.13,0,0,33,1
10003,"AVELLANA, SECA",Nueces y semillas,10,5.79,629,13.7,61.15,17,11,2.36,149,310,3.3,0.47,0.11,1.55,2,2,48.19,5.56,4.67,0,658,0,2.2,160,0.58,0,0,78,1
10004,"CASTAÑA, FRESCA",Nueces y semillas,10,53.2,191,2.8,1.5,41.5,,1,29,87,1.7,0.23,0.22,0.5,,1,0.43,0.49,0.23,0,484,2,0.49,,0.35,0,0,58,0.81
10005,"CASTAÑA, SECA",Nueces y semillas,10,8.4,377,6.7,4.1,78.6,,2.2,57,170,3.3,0.34,0.39,0.8,,0,1.35,1.55,0.74,0,991,37,0.35,,0.67,0,0,110,0.82
10006,"MACADAMIA, SECA",Nueces y semillas,10,1.36,718,7.91,75.77,13.82,8.6,1.14,85,188,3.69,1.2,0.16,2.47,1,0,58.88,1.5,12.06,0,368,5,1.3,130,0.28,0,0,11,0.31
10007,"MANI/CACAHUATE CRUDO, C/PELICULA",Nueces y semillas,10,6.9,543,25.5,44,21.3,,2.3,66,393,3,0.91,0.21,17.6,1,,,,,,,,,,,,,,1
10008,"MANI/CACAHUATE CRUDO, S/PELICULA",Nueces y semillas,10,6.5,567,25.8,49.24,16.13,8.5,2.33,92,376,4.58,0.64,0.14,12.07,0,0,24.43,15.56,6.83,0,705,18,3.27,168,0.35,0,0,240,1
10009,"MANI/CACAHUATE TOSTADO, C/SAL",Nueces y semillas,10,1.55,585,23.68,49.66,21.51,8,3.6,54,358,2.26,0.44,0.1,13.52,0,0,24.64,15.69,6.89,0,658,813,3.31,176,0.26,0,0,145,1
10010,"MANI/CACAHUATE TOSTADO, S/SAL",Nueces y semillas,10,1.55,585,23.68,49.66,21.51,8,3.6,54,358,2.26,0.44,0.1,13.52,0,0,24.64,15.69,6.89,0,658,6,3.31,176,0.26,0,0,145,1
10011,"NUEZ DE BRAZIL, SECA",Nueces y semillas,10,3.48,656,14.32,66.43,12.27,7.5,3.51,160,725,2.43,0.62,0.04,0.29,1,0,24.55,20.58,15.14,0,659,3,4.06,376,0.1,0,0,22,0.48
10012,"NUEZ DE NOGAL, SECA",Nueces y semillas,10,4.07,654,15.23,65.21,13.71,6.7,1.78,98,346,2.91,0.34,0.15,1.13,1,1,8.93,47.17,6.13,0,441,2,3.09,158,0.54,0,0,98,0.45
10013,"PECANA, SECA",Nueces y semillas,10,3.52,691,9.17,71.97,13.86,9.6,1.49,70,277,2.53,0.66,0.13,1.17,1,3,40.8,21.61,6.18,0,410,0,4.53,121,0.21,0,0,22,0.53
10014,SEMILLA DE AJONJOLI,Nueces y semillas,10,4.69,573,17.73,49.67,23.45,11.8,4.45,975,629,14.55,0.79,0.25,4.51,0,0,18.76,21.77,6.96,0,468,11,7.75,351,0.79,0,0,97,1
10015,"SEMILLA DE AYOTE, CRUDA",Nueces y semillas,10,6.92,541,24.54,45.85,17.81,3.9,4.88,43,1174,14.97,0.21,0.32,1.75,2,19,14.26,20.9,8.67,0,807,18,7.46,535,0.22,0,0,58,0.74
10016,"SEMILLA DE AYOTE, TOSTADA",Nueces y semillas,10,7.1,522,32.97,42.13,13.43,3.9,4.37,43,1172,14.94,0.21,0.32,1.74,2,19,13.1,19.21,7.97,0,806,18,7.44,534,0.09,0,0,57,1
10017,"SEMILLA DE ACHIOTE, GRANO",Nueces y semillas,10,3.1,388,11.3,5.3,74.9,,5.4,11,13,4.7,0.45,0.16,1.97,0,,,,,,,,,,,,,,1
10018,"SEMILLA DE ACHIOTE, PASTA",Nueces y semillas,10,98.4,7,0,0.3,1.1,,0.2,7,10,0.3,0,0.05,0.31,0,,,,,,,,,,,,,,1
10019,"SEMILLA DE CACAO, SECA",Nueces y semillas,10,3.6,456,12,46.3,34.7,,3.4,106,537,3.6,0.17,0.14,1.7,3,0,19,1,27,0,830,4,,,,0,,,0.9
10020,SEMILLA DE CHAN,Nueces y semillas,10,4.9,490,15.62,30.75,43.85,37.7,4.87,631,948,,,,,,,2.12,23.33,3.18,0,160,19,3.49,,,0,,,1
10021,"SEMILLA DE NUEZ DE PAN, SECA",Nueces y semillas,10,6.5,367,8.62,1.68,79.39,14.9,3.81,94,178,4.6,0.03,0.14,2.1,47,11,0.21,0.9,0.45,0,2011,53,1.91,115,0.69,0,0,113,1
10022,"SEMILLA DE MARAÑON, TOSTADA S/SAL",Nueces y semillas,10,1.7,574,15.31,46.35,32.69,3,3.95,45,490,6,0.2,0.2,1.4,0,0,27.32,7.84,9.16,0,565,16,5.6,260,0.26,0,0,69,1
10023,"SEMILLA DE MARAÑON, TOSTADA C/SAL",Nueces y semillas,10,1.7,574,15.31,46.35,32.69,3,3.95,45,490,6,0.2,0.2,1.4,0,0,27.32,7.84,9.16,0,565,640,5.6,260,0.26,0,0,69,1
10024,"SEMILLA DE MARAÑON, TOSTADA C/ACEITE S/SAL",Nueces y semillas,10,3.48,580,16.84,47.77,29.87,3.3,2.03,43,531,6.05,0.36,0.22,1.74,0,0,25.92,8.55,8.48,0,632,13,5.35,273,0.32,0,0,25,1
10025,"SEMILLA DE MARAÑON, TOSTADA C/ACEITE C/SAL",Nueces y semillas,10,2.34,581,16.84,47.77,30.16,3.3,2.89,43,531,6.05,0.36,0.22,1.74,0,0,25.92,8.55,8.48,0,632,308,5.35,273,0.32,0,0,25,1
10026,"SEMILLAS MIXTAS, TOSTADAS C/SAL",Nueces y semillas,10,1.75,594,17.3,51.45,25.35,9,4.15,70,435,3.7,0.2,0.2,4.7,0,0,31.4,10.77,6.9,0,597,669,3.8,225,0.3,0,0,50,1
10027,"SEMILLAS MIXTAS, TOSTADAS C/ACEITE C/SAL",Nueces y semillas,10,2.03,617,16.76,56.33,21.41,9,3.47,108,464,3.21,0.5,0.22,5.06,1,0,31.69,13.3,8.73,0,581,419,5.08,235,0.24,0,0,83,
10028,"SEMILLAS, MORRO O JICARO",Nueces y semillas,10,3.4,530,30.2,39.7,22.9,,3.8,50,968,9.4,0.73,0.12,0.9,,,,,,,,,,,,,,,0.74
10029,"SEMILLA DE PISTACHO, TOSTADA C/SAL",Nueces y semillas,10,2.03,568,21.35,45.97,26.78,10.3,3.87,110,485,4.2,0.84,0.16,1.42,2,13,24.22,13.9,5.55,0,1042,405,2.3,120,1.27,0,0,50,0.53
10030,PECANAS SECAS TOSTADAS S/SAL,Nueces y semillas,10,1.12,710,9.5,74.27,13.55,9.4,1.56,72,293,2.8,0.45,0.11,1.17,1,7,43.96,20.57,6.28,0,424,1,5.07,132,0.19,0,0,16,1
10031,PECANAS SECAS TOSTADAS C/ACEITE S/SAL,Nueces y semillas,10,1.13,715,9.2,75.23,13.01,9.5,1.42,67,263,2.47,0.47,0.11,1.2,1,5,40.97,23.58,7.24,0,392,1,4.47,121,0.19,0,0,15,1
10032,"MANI/CACAHUATE TOSTADO, C/ACEITE C/SAL",Nueces y semillas,10,1.45,599,28.03,52.5,15.26,9.4,2.75,61,397,1.52,0.09,0.09,13.82,1,0,25.94,15.27,8.67,0,726,320,3.28,176,0.46,0,0,120,1
10033,"MANI/CACAHUATE TOSTADO, C/ACEITE S/SAL",Nueces y semillas,10,1.95,581,26.35,49.3,18.92,6.9,3.48,88,517,1.83,0.25,0.11,14.28,0,0,24.46,15.58,6.84,0,682,6,6.63,185,0.25,0,0,126,1
11001,ACELGA CRUDA,"Verduras, hortalizas y otros vegetales",11,91.1,27,2.9,0.3,4.8,,,62,,3.9,0.05,0.23,0.5,6,330,,,,0,550,147,0.02,65,,0,90,,0.82
11002,"ACELGA COCIDA S/SAL, ESCURRIDA","Verduras, hortalizas y otros vegetales",11,92.65,20,1.88,0.08,4.13,2.1,1.26,58,33,2.26,0.03,0.09,0.36,18,306,0.02,0.03,0.01,0,549,179,0.33,86,0.09,0,0,9,1
11003,ACEITUNA NEGRA O ACEITUNO DE EL SALVADOR,"Verduras, hortalizas y otros vegetales",11,79.6,73,1.1,0.4,18.3,,0.6,19,26,0.8,0.02,0.04,0.36,34,,,,,,,,,,,,,,0.84
11004,"ACEITUNA VERDE, ENVASADA","Verduras, hortalizas y otros vegetales",11,79.99,115,0.84,10.68,6.26,3.2,2.23,88,3,3.3,0,0,0.04,1,20,7.89,0.91,1.41,0,8,872,0.22,4,0.01,0,0,0,1
11005,AGUACATE,"Verduras, hortalizas y otros vegetales",11,73.23,160,2,14.66,8.53,6.7,1.58,12,52,0.55,0.07,0.13,1.74,10,7,9.8,1.82,2.13,0,485,7,0.64,29,0.26,0,0,81,0.74
11006,"AJO, CABEZA O BULBO","Verduras, hortalizas y otros vegetales",11,63.8,134,5.3,0.2,29.3,,1.4,38,134,1.4,0.21,0.08,0.6,9,0,0.01,0.23,0.09,0,529,19,1,,,0,3,,0.94
11007,"ALCACHOFA, HOJAS Y CORAZON","Verduras, hortalizas y otros vegetales",11,84.94,47,3.27,0.15,10.51,5.4,1.13,44,90,1.28,0.07,0.07,1.05,12,9,0,0.06,0.04,0,370,94,0.49,60,0.12,0,0,68,0.48
11008,BROTES DE ALFALFA,"Verduras, hortalizas y otros vegetales",11,91.14,29,3.99,0.69,3.78,2.5,0.4,32,70,0.96,0.08,0.13,0.48,8,8,0.06,0.41,0.07,0,79,6,0.92,27,0.03,0,0,36,1
11009,APAZOTE/EPAZOTE,"Verduras, hortalizas y otros vegetales",11,85.5,42,3.8,0.7,7.6,,2.4,304,52,5.2,0.06,0.28,0.6,11,155,,,,0,,,,,,,,,0.76
11010,"APIO, TALLOS","Verduras, hortalizas y otros vegetales",11,95.43,14,0.69,0.17,2.97,1.6,0.75,40,24,0.2,0.02,0.06,0.32,3,22,0.03,0.08,0.04,0,260,80,0.13,11,0.07,0,0,36,0.89
11011,ARVEJA CRUDA,"Verduras, hortalizas y otros vegetales",11,78.86,81,5.42,0.4,14.46,5.1,0.87,25,108,1.47,0.27,0.13,2.09,40,38,0.04,0.19,0.07,0,244,5,1.24,33,0.17,0,0,65,0.45
11012,"ARVEJA COCIDA S/SAL, ESCURRIDA","Verduras, hortalizas y otros vegetales",11,77.87,84,5.36,0.22,15.64,5.5,0.92,27,117,1.54,0.26,0.15,2.02,14,40,0.02,0.1,0.04,0,271,3,1.19,39,0.22,0,0,63,1
11013,"ARVEJA ENLATADA, SOLIDOS","Verduras, hortalizas y otros vegetales",11,81.7,69,4.42,0.35,12.58,4.1,0.97,20,67,0.95,0.12,0.08,0.73,10,27,0.03,0.16,0.06,0,173,252,0.71,17,0.06,0,0,44,1
11014,"ARVEJA Y ZANAHORIA, ENLATADA, SOL&LIQ","Verduras, hortalizas y otros vegetales",11,88.15,38,2.17,0.27,8.48,2,0.93,23,46,0.75,0.07,0.05,0.58,7,289,0.02,0.13,0.05,0,100,260,0.58,14,0.09,0,0,18,1
11015,"ARVEJA CHINA, CRUDA","Verduras, hortalizas y otros vegetales",11,88.89,42,2.8,0.2,7.55,2.6,0.56,43,53,2.08,0.15,0.08,0.6,60,54,0.02,0.09,0.04,0,200,4,0.27,24,0.16,0,0,42,0.94
11016,"ARRACACHA RAIZ, AMARILLA","Verduras, hortalizas y otros vegetales",11,77.3,88,0.5,0.4,20.7,,1.1,34,58,0,0.03,0.03,6.8,,57,,,,,,,,,,,,,0.8
11017,"ARRACACHA RAIZ, BLANCA","Verduras, hortalizas y otros vegetales",11,70.9,113,0.8,0.4,26.7,,1.2,44,55,1.2,0.07,0.04,4.81,32,3,,,,,,,,,,,,,0.85
11018,"AYOTE/GUICOY/ZAPALLO/CALABAZA, FLORES","Verduras, hortalizas y otros vegetales",11,95.15,15,1.03,0.07,3.28,,0.48,39,49,0.7,0.04,0.08,0.69,28,97,0.01,0,0.04,0,173,5,,24,,0,0,59,0.35
11019,"AYOTE/GUICOY/ZAPALLO/CALABAZA, HOJAS Y PUNTAS","Verduras, hortalizas y otros vegetales",11,92.88,19,3.15,0.4,2.33,,1.24,39,104,2.22,0.09,0.13,0.92,11,97,0.05,0.02,0.21,0,436,11,0.2,38,0.21,0,0,36,0.41
11020,"AYOTE/GUICOY/ZAPALLO/CALABAZA, AMARILLO/MADURO","Verduras, hortalizas y otros vegetales",11,91,30,0.6,0.2,7.6,0.5,0.6,19,22,0.5,0.04,0.04,0.5,15,143,0.01,0,0.05,0,340,1,0.32,,0.06,0,0,16,0.53
11021,CALABACITA/GUICOYITO/PIPIAN,"Verduras, hortalizas y otros vegetales",11,92.8,24,1,0.2,5.5,,0.5,19,32,0.6,0.05,0.04,0.5,19,369,0.01,0.01,0.01,0,176,1,0.2,,,,,,0.97
11022,BROTES DE SOYA,"Verduras, hortalizas y otros vegetales",11,69.05,122,13.09,6.7,9.57,1.1,1.59,67,164,2.1,0.34,0.12,1.15,15,1,1.52,3.78,0.93,0,484,14,1.17,72,0.18,0,0,172,1
11023,BERENJENA CRUDA,"Verduras, hortalizas y otros vegetales",11,92.41,24,1.01,0.19,5.7,3.4,0.7,9,25,0.24,0.04,0.04,0.65,2,1,0.02,0.08,0.03,0,230,2,0.16,14,0.08,0,0,22,0.81
11024,"BERENJENA COCIDA S/SAL, ESCURRIDA","Verduras, hortalizas y otros vegetales",11,89.67,35,0.83,0.23,8.73,2.5,0.54,6,15,0.25,0.08,0.02,0.6,1,2,0.02,0.09,0.04,0,123,1,0.12,11,0.09,0,0,14,1
11025,"BERRO, CRUDO","Verduras, hortalizas y otros vegetales",11,92.2,22,2.8,0.4,3.3,1.51,1.3,117,76,1.9,0.12,0.1,1,44,161,0.24,0.23,0.02,0,606,14,0.23,,0.25,0,0,80,0.6
11026,"BLEDO/AMARANTO,  HOJAS","Verduras, hortalizas y otros vegetales",11,87.77,32,2.72,0.55,5.73,1.73,2.54,278,81,6.34,0.05,0.24,1.2,65,517,,,,,,,,,,,,,0.72
11027,BROCOLI/BRECOL CRUDO,"Verduras, hortalizas y otros vegetales",11,89.3,34,2.82,0.37,6.64,2.6,0.87,47,66,0.73,0.07,0.12,0.64,89,31,0.01,0.04,0.04,0,316,33,0.41,21,0.17,0,0,63,0.59
11028,"BROCOLI/BRECOL COCIDO S/SAL, ESCURRIDO","Verduras, hortalizas y otros vegetales",11,89.25,35,2.38,0.41,7.18,3.3,0.77,40,67,0.67,0.06,0.12,0.55,65,77,0.04,0.17,0.08,0,293,41,0.45,21,0.2,0,0,108,1
11029,"BUSNAY, FLORES","Verduras, hortalizas y otros vegetales",11,82.4,55,6.3,1.2,8.4,,1.7,403,136,1.4,0.04,0.49,1.79,13,,,,,,,,,,,,,,0.4
11030,CAIBA/CAIGUA/CICLANTERA,"Verduras, hortalizas y otros vegetales",11,94.5,17,0.6,0.1,4,,0.8,13,26,0.6,0.04,0.04,0.3,14,9,,,,,,,,,,,,,0.89
11031,CANCHON O REPOLLO CHINO (PE-TSAI),"Verduras, hortalizas y otros vegetales",11,95.6,14,0.8,0.4,2.5,1.2,0.7,52,24,0.4,0.03,0.03,0.4,24,16,0.02,0.07,0.04,0,238,9,0.23,,0.23,0,0,79,0.69
11032,"CAMOTE/BATATA, HOJAS","Verduras, hortalizas y otros vegetales",11,86.3,48,3.2,0.8,8.5,2,1.2,111,30,2.9,0.08,0.26,0.7,58,51,0.01,0.13,0.06,0,518,9,0.29,,0.19,0,0,80,0.94
11033,"CAMOTE/BATATA ANARANJADO, CRUDO","Verduras, hortalizas y otros vegetales",11,77.28,86,1.57,0.05,20.12,3,0.99,30,47,0.61,0.08,0.06,0.56,2,709,0,0.01,0.02,0,337,55,0.3,25,0.21,0,0,11,0.72
11034,"CAMOTE/BATATA ANARANJADO COCIDO, S/CASCARA S/SAL","Verduras, hortalizas y otros vegetales",11,80.13,76,1.37,0.14,17.72,2.5,0.63,27,32,0.72,0.06,0.05,0.54,13,787,0,0.08,0.04,0,230,27,0.2,18,0.17,0,0,6,1
11035,CAMOTE/BATATA PALIDO,"Verduras, hortalizas y otros vegetales",11,70.6,103,1,0.4,24,,,41,,0.6,0.09,0.03,0.6,23,26,0.01,0.11,0.06,0,204,13,0.28,10,0.26,0,14,,0.78
11036,"CEBOLLA, CABEZA","Verduras, hortalizas y otros vegetales",11,88.1,45,1.4,0.2,9.7,,0.6,30,40,1,0.04,0.03,0.3,10,0,0.04,0.1,0.04,0,157,10,0.1,,0.16,,20,,0.91
11037,"CEBOLLA, TALLOS","Verduras, hortalizas y otros vegetales",11,92.2,26,1.8,0.6,4.7,3.5,0.7,42,43,3.4,0.05,0.11,0.7,39,200,0.01,0.04,0.02,0,260,4,0.45,,0.06,0,0,14,1
11038,"CEBOLLA, CABEZA Y TALLOS","Verduras, hortalizas y otros vegetales",11,89.83,32,1.83,0.19,7.34,2.6,0.81,72,37,1.48,0.05,0.08,0.52,19,50,0.03,0.07,0.03,0,276,16,0.39,20,0.06,0,0,64,0.96
11039,CEBOLLIN,"Verduras, hortalizas y otros vegetales",11,92.6,24,1.1,0.2,5.5,,0.6,76,26,0.9,0.04,0.11,0.3,22,390,,,,0,231,5,0.1,,,,,,0.9
11040,CILANTRO/CULANTRO,"Verduras, hortalizas y otros vegetales",11,86,42,3.3,0.7,8,2.8,2,188,72,3,0.15,0.28,1.6,75,337,0.28,0.04,0.01,0,521,46,0.5,,0.15,0,0,62,0.9
11041,COL DE BRUSELAS,"Verduras, hortalizas y otros vegetales",11,86,43,3.38,0.3,8.95,3.8,1.37,42,69,1.4,0.14,0.09,0.75,85,38,0.02,0.15,0.06,0,389,25,0.42,23,0.22,0,0,61,0.9
11042,COL CHINA (PAK-CHOI),"Verduras, hortalizas y otros vegetales",11,91,26,1.7,0.3,5.4,1,1.6,136,16,1.5,0.01,0.16,0.8,32,223,0.01,0.1,0.03,0,252,65,0.19,,0.19,0,0,66,0.87
11043,COLIFLOR CRUDA,"Verduras, hortalizas y otros vegetales",11,91.91,25,1.98,0.1,5.3,2.5,0.71,22,44,0.44,0.06,0.06,0.53,46,1,0.01,0.1,0.03,0,303,30,0.28,15,0.22,0,0,57,0.39
11044,"COLIFLOR COCIDA S/SAL, ESCURRIDA","Verduras, hortalizas y otros vegetales",11,93,23,1.84,0.45,4.11,2.7,0.6,16,32,0.33,0.04,0.05,0.41,44,1,0.03,0.22,0.07,0,142,15,0.18,9,0.17,0,0,44,1
11045,"COLINABO, HOJAS Y TALLOS","Verduras, hortalizas y otros vegetales",11,91,27,1.7,0.1,6.2,3.6,1,24,46,0.4,0.05,0.02,0.4,62,2,0.01,0.05,0.01,0,350,20,0.03,19,0.15,0,0,16,0.46
11046,"CHAYA O CHICASQUIL, HOJAS","Verduras, hortalizas y otros vegetales",11,79.8,64,6.2,1.3,10.7,,2,234,76,2.8,0.2,0.4,1.6,194,946,,,,0,,,,,,,,,1
11047,"CHAYOTE/GUISQUIL/PATASTE, CRUDO","Verduras, hortalizas y otros vegetales",11,90.8,31,0.9,0.2,7.7,1.7,0.4,12,30,0.6,0.03,0.04,0.4,20,3,0.01,0.06,0.03,0,125,2,0.74,,0.08,0,0,93,0.77
11048,"CHAYOTE/GUISQUIL/PATASTE, COCIDO S/SAL, ESCURRIDO","Verduras, hortalizas y otros vegetales",11,93.43,24,0.62,0.48,5.09,2.8,0.38,13,29,0.22,0.03,0.04,0.42,8,2,,,0.09,0,173,1,0.31,12,0.12,0,0,18,1
11049,"CHAYOTE/GUISQUIL/PATASTE, HOJAS Y PUNTAS","Verduras, hortalizas y otros vegetales",11,89.7,60,4,0.4,4.7,,1.2,58,108,2.5,0.08,0.18,1.1,16,,,,,,,,,,,,,,0.49
11050,"CHAYOTE/GUISQUIL/PATASTE, RAIZ (ICHINTAL)","Verduras, hortalizas y otros vegetales",11,79,79,2,0.2,17.8,1.7,1,7,34,0.8,0.05,0.03,0.9,19,3,0.01,0.06,0.03,0,125,2,0.74,,0.08,0,0,93,0.73
11051,"CHILACAYOTE/CHIVERRE, TIERNO","Verduras, hortalizas y otros vegetales",11,92.7,24,0.8,0.1,6,,0.4,12,41,0.2,0.06,0.04,0.7,46,6,,,,0,,,,,,,,,0.9
11052,"CHILACAYOTE/CHIVERRE, MADURO","Verduras, hortalizas y otros vegetales",11,93.6,21,0.8,0.1,5.1,,0.4,15,19,0.4,0.04,0.03,0.3,11,,,,,,,,,,,,,,0.71
11053,"CHILE PICANTE, FRESCO","Verduras, hortalizas y otros vegetales",11,88.8,38,1.9,0.6,8,,0.7,20,28,1.7,0.09,0.13,1.5,91,16,0.03,0.33,0.06,0,340,7,0.3,,0.28,0,23,,0.84
11054,"CHILE PICANTE, SECO","Verduras, hortalizas y otros vegetales",11,18.8,293,7,6.4,62.3,,5.5,126,154,7.3,0.12,0.94,4,32,1055,,,,0,,,,,,,,,0.84
11055,"CHILE COBANERO FRESCO, DE GUATEMALA","Verduras, hortalizas y otros vegetales",11,77.2,97,3,4.4,13.8,,1.6,29,79,1.5,0.12,0.2,2.98,44,,,,,,,,,,,,,,1
11056,"CHILE COBANERO SECO, DE GUATEMALA","Verduras, hortalizas y otros vegetales",11,9.1,312,12.9,6.4,63.6,,,142,,4.7,0.22,0.86,8.9,55,1055,,,,0,,,,,,,,,0.84
11057,CHILE CHILTEPE,"Verduras, hortalizas y otros vegetales",11,77.9,84,3.3,2.1,15.4,,1.3,48,85,6.3,0.15,0.1,2.87,61,,,,,,,,,,,,,,1
11058,"CHILE DULCE/PIMIENTO ROJO, FRESCO","Verduras, hortalizas y otros vegetales",11,92.21,26,0.99,0.3,6.03,2,0.47,7,26,0.43,0.05,0.09,0.98,190,157,0.01,0.16,0.06,0,211,2,0.25,12,0.29,0,0,18,0.82
11059,"CHILE DULCE/PIMIENTO ROJO, ENLATADO SOL&LIQ","Verduras, hortalizas y otros vegetales",11,91.25,18,0.8,0.3,3.9,1.2,3.75,41,20,0.8,0.03,0.03,0.55,47,26,0.02,0.16,0.05,0,146,1369,0.18,11,0.18,0,0,16,1
11060,"CHILE DULCE, VERDE","Verduras, hortalizas y otros vegetales",11,93.89,20,0.86,0.17,4.64,1.7,0.43,10,20,0.34,0.06,0.03,0.48,80,18,0.01,0.06,0.06,0,175,3,0.13,10,0.22,0,0,11,0.82
11061,"CHILE GUAQUE, DE GUATEMALA","Verduras, hortalizas y otros vegetales",11,90.5,34,1.4,0.4,7.1,,0.6,9,28,0.6,0.06,0.06,1.25,79,,,,,,,,,,,,,,1
11062,"CHILE JALAPEÑO, FRESCO","Verduras, hortalizas y otros vegetales",11,92.3,23,1.2,0.1,5.3,,,25,,2,0.06,0.04,0.6,72,20,0,0.05,0.01,0,340,7,0.3,25,0.28,0,23,,0.87
11063,"CHILE JALAPEÑO, ENLATADO, SOL&LIQ","Verduras, hortalizas y otros vegetales",11,88.89,27,0.92,0.94,4.74,2.6,4.51,23,18,1.88,0.04,0.04,0.4,10,85,0.05,0.51,0.1,0,193,1671,0.34,15,0.19,0,0,14,1
11064,CHILE JUTIAPA,"Verduras, hortalizas y otros vegetales",11,89.3,37,1.1,0.2,8.9,,0.5,6,20,0.8,0.06,0.08,2.08,36,,,,,,,,,,,,,,1
11065,CHILE PASA,"Verduras, hortalizas y otros vegetales",11,14.3,327,12.7,9.6,60.5,,,154,,6.3,0.37,1.2,8.6,68,133,,,,0,,,,,,,,,0.6
11066,CHILE TABASCO,"Verduras, hortalizas y otros vegetales",11,87.7,40,2,0.2,9.5,,,18,,1.2,0.09,0.09,1,242,41,0.01,0.1,0.02,0,340,7,0.3,25,0.28,0,23,,0.8
11067,CHILE SERRANO,"Verduras, hortalizas y otros vegetales",11,87.5,35,2.3,0.4,7.2,,,35,,1.6,0.14,0.05,1.3,65,50,0.02,0.22,0.04,0,340,7,0.3,25,,,,,0.95
11068,"CHIPILIN, HOJAS Y PUNTA","Verduras, hortalizas y otros vegetales",11,81.6,56,7,0.8,9.1,3.24,1.5,287,72,4.7,0.33,0.49,2,100,667,,,,,,,,,,,,,0.46
11069,CHUFLE/CALATEA,"Verduras, hortalizas y otros vegetales",11,92.3,22,1.8,0.2,4.4,,1.3,20,49,1,0.04,0.1,0.7,7,,,,,,,,,,,,,,0.74
11070,CHUPTE/YAS,"Verduras, hortalizas y otros vegetales",11,71.8,146,1.5,9.9,16,,0.8,11,36,0.5,0.07,0.1,0.71,11,,,,,,,,,,,,,,0.7
11071,"EJOTES/VAINICAS, CRUDOS","Verduras, hortalizas y otros vegetales",11,90.27,31,1.82,0.12,7.13,3.4,0.66,37,38,1.04,0.08,0.1,0.75,16,35,0,0.06,0.03,0,209,6,0.24,25,0.07,0,0,37,0.88
11072,"EJOTES/VAINICAS, COCIDOS S/SAL, ESCURRIDO","Verduras, hortalizas y otros vegetales",11,89.22,35,1.89,0.28,7.88,3.2,0.73,44,29,0.65,0.07,0.1,0.61,10,35,0.01,0.14,0.06,0,146,1,0.25,18,0.06,0,0,33,1
11073,"EJOTES/VAINICAS, ENLATADOS, SOLIDOS","Verduras, hortalizas y otros vegetales",11,93.3,20,1.15,0.1,4.5,1.9,0.95,26,19,0.9,0.01,0.06,0.2,5,22,0,0.05,0.02,0,109,262,0.29,13,0.04,0,0,32,1
11074,"ELOTE/MAIZ FRESCO, AMARILLO","Verduras, hortalizas y otros vegetales",11,60.6,161,3.6,1.4,33.5,,0.9,16,270,2,0.18,0.08,2.9,11,28,0.44,0.69,0.23,0,270,15,0.45,,0.06,0,46,,0.28
11075,"ELOTE/MAIZ FRESCO, AMARILLO DULCE, CRUDO","Verduras, hortalizas y otros vegetales",11,75.96,86,3.22,1.18,19.02,2.7,0.62,2,89,0.52,0.2,0.06,1.7,7,10,0.35,0.56,0.18,0,270,15,0.45,37,0.05,0,0,46,0.36
11076,"ELOTE/MAIZ FRESCO, AMARILLO DULCE, COCIDO S/SAL","Verduras, hortalizas y otros vegetales",11,69.57,108,3.32,1.28,25.11,2.8,0.72,2,103,0.61,0.22,0.07,1.61,6,13,0.37,0.6,0.2,0,249,17,0.48,32,0.06,0,0,46,0.55
11077,"ELOTE/MAIZ FRESCO, BLANCO","Verduras, hortalizas y otros vegetales",11,71.7,114,3.1,0.7,23.8,,0.7,24,270,0.5,0.17,0.01,2,8,0,0.34,0.54,0.18,0,270,15,0.45,,0.06,0,46,,0.28
11078,"ELOTE/MAIZ FRESCO, MUY TIERNO","Verduras, hortalizas y otros vegetales",11,89,36,1.8,0.2,8.4,,0.6,10,57,0.5,0.08,0.08,0.67,11,,,,,,,,,,,,,,1
11079,ESCAROLA/ACHICORIA RIZADA,"Verduras, hortalizas y otros vegetales",11,92,23,1.7,0.3,4.7,4,1.3,100,47,0.9,0.06,0.1,0.5,24,286,0.01,0.13,0.07,0,420,45,0.42,30,0.1,0,0,110,0.82
11080,ESPARRAGO CRUDO,"Verduras, hortalizas y otros vegetales",11,93.22,20,2.2,0.12,3.88,2.1,0.58,24,52,2.14,0.14,0.14,0.98,6,38,0.01,0.09,0.05,0,202,2,0.54,14,0.09,0,0,52,0.53
11081,"ESPARRAGO COCIDO S/SAL, ESCURRIDO","Verduras, hortalizas y otros vegetales",11,92.63,22,2.4,0.22,4.11,2,0.63,23,54,0.91,0.16,0.14,1.08,8,50,0.01,0.14,0.07,0,224,14,0.6,14,0.08,0,0,149,1
11082,"ESPARRAGO ENLATADO, SOLIDOS","Verduras, hortalizas y otros vegetales",11,93.98,19,2.14,0.65,2.46,1.6,0.77,16,43,1.83,0.06,0.1,0.95,18,41,0.02,0.28,0.15,0,172,287,0.4,10,0.11,0,0,96,1
11083,ESPINACA CRUDA,"Verduras, hortalizas y otros vegetales",11,91.4,23,2.86,0.39,3.63,2.2,1.72,99,49,2.71,0.08,0.19,0.72,28,469,0.01,0.17,0.06,0,558,79,0.53,79,0.19,0,0,194,0.75
11084,"ESPINACA COCIDA S/SAL, ESCURRIDA","Verduras, hortalizas y otros vegetales",11,91.21,23,2.97,0.26,3.75,2.4,1.81,136,56,3.57,0.09,0.24,0.49,10,524,0.01,0.11,0.04,0,466,70,0.76,87,0.24,0,0,146,1
11085,"FRIJOL CAUPI VERDE, CON VAINA","Verduras, hortalizas y otros vegetales",11,86,44,3.3,0.3,9.5,,0.9,65,65,1,0.15,0.14,1.2,33,80,0.03,0.13,0.08,0,215,4,0.34,58,0.17,0,0,53,0.91
11086,"FRIJOL TODA VARIEDAD, GRANO VERDE","Verduras, hortalizas y otros vegetales",11,60.4,150,9.8,0.3,27.8,,1.7,59,213,3.6,0.38,0.12,1.5,7,12,,,,,,,,,,,,,1
11087,GENGIBRE O JENGIBRE,"Verduras, hortalizas y otros vegetales",11,78.89,80,1.82,0.75,17.77,2,0.77,16,34,0.6,0.03,0.03,0.75,5,0,0.15,0.15,0.2,0,415,13,0.34,43,0.16,0,0,11,0.93
11088,"GUANDU/GANDUL, GRANO VERDE","Verduras, hortalizas y otros vegetales",11,65.88,136,7.2,1.64,23.88,5.1,1.4,42,127,1.6,0.4,0.17,2.2,39,3,0.01,0.87,0.35,0,552,5,1.04,68,0.07,0,0,173,0.48
11089,"HABA, GRANO VERDE","Verduras, hortalizas y otros vegetales",11,81,72,5.6,0.6,11.7,4.2,1.1,22,95,1.9,0.17,0.11,1.5,33,18,0.02,0.31,0.14,0,250,50,0.58,38,0.04,0,0,96,0.97
11090,"HABA BLANCA, GRANO VERDE","Verduras, hortalizas y otros vegetales",11,78.5,82,6.9,0.5,13.3,,0.8,33,66,1.2,0.22,0.1,2,32,,,,,,502,12,,,,,,,0.44
11091,HIERBA SAN NICOLAS/VERDOLAGA SILVESTRE,"Verduras, hortalizas y otros vegetales",11,93,19,2.2,0.3,3.1,,1.4,48,31,3.2,0.08,0.09,0.4,17,,,,,,,,,,,,,,0.52
11092,HIERBABUENA,"Verduras, hortalizas y otros vegetales",11,85.55,44,3.29,0.73,8.41,6.8,2.03,199,60,11.87,0.08,0.17,0.95,13,203,0.03,0.39,0.19,0,458,30,1.09,63,0.16,0,0,105,0.41
11093,HIERBAMORA/MACUY,"Verduras, hortalizas y otros vegetales",11,85,45,5.1,0.8,7.3,4.34,1.8,226,74,12.6,0.2,0.35,0.97,92,34,,,,0,,,,,,,,,0.51
11094,"HOJAS SANTA MARIA, HOJA SANTA","Verduras, hortalizas y otros vegetales",11,82.2,57,3.9,1.4,10.1,,2.4,257,52,5.6,0.12,0.24,0.9,60,287,,,,,,,,,,,,,1
11095,HONGOS CRUDOS,"Verduras, hortalizas y otros vegetales",11,92.43,22,3.09,0.34,3.28,1,0.85,3,86,0.5,0.08,0.4,3.61,2,0,0,0.16,0.05,0,318,5,0.52,9,0.1,0.04,0,16,0.97
11096,"HONGOS COCIDOS S/SAL, ESCURRIDOS","Verduras, hortalizas y otros vegetales",11,91.08,28,2.17,0.47,5.29,2.2,0.99,6,87,1.74,0.07,0.3,4.46,4,0,0.01,0.18,0.06,0,356,2,0.87,12,0.09,0,0,18,1
11097,"HONGOS ENLATADOS, SOLIDOS","Verduras, hortalizas y otros vegetales",11,91.08,25,1.87,0.29,5.09,2.4,1.67,11,66,0.79,0.09,0.02,1.59,0,0,0,0.11,0.04,0,129,425,0.72,15,0.06,0,0,12,1
11098,"HONGOS DE SAN JUAN, DE GUATEMALA","Verduras, hortalizas y otros vegetales",11,93.6,12,2,0.4,3.2,,0.8,3,44,3.2,0.01,0.34,1.05,1,0,0.01,0.17,0.06,0,370,4,0.73,,0.1,0,21,,1
11099,"IZOTE/ITABO, COGOLLOS","Verduras, hortalizas y otros vegetales",11,90.2,30,1.2,0.3,6.4,,1.9,342,24,0.9,0.2,0.04,0.3,26,,,,,,,,,,,,,,1
11100,"IZOTE/ITABO, FLORES","Verduras, hortalizas y otros vegetales",11,83.2,61,2,0.3,13.7,,0.8,34,69,1.4,0.16,0.15,1.5,393,,,,,,,,,,,,,,0.97
11101,JICAMA CRUDA,"Verduras, hortalizas y otros vegetales",11,90.07,38,0.72,0.09,8.82,4.9,0.3,12,18,0.6,0.02,0.03,0.2,20,1,0,0.04,0.02,0,150,4,0.16,12,0.04,0,0,12,0.92
11102,"LABLAB/FRIJOL TREPADOR, GRANO VERDE","Verduras, hortalizas y otros vegetales",11,79.4,80,3.4,0.4,15.9,,0.9,55,54,1.6,0.08,0.13,1.4,28,5,0.09,0.01,0.09,0,252,2,0.37,,0.02,0,0,62,0.41
11103,"LAUREL REAL, HOJAS VERDES","Verduras, hortalizas y otros vegetales",11,45.2,188,4.2,1.2,47.1,,2.3,187,70,5.3,0.04,0.21,1.7,54,,,,,,,,,,,,,,0.9
11104,"LAUREL, HOJAS SECAS","Verduras, hortalizas y otros vegetales",11,8,329,13.7,7,66.4,,4.9,803,114,15,0.1,0.65,2.5,,,,,,,,,,,,,,,1
11105,LECHUGA ARREPOLLADA (ICEBERG),"Verduras, hortalizas y otros vegetales",11,95.64,14,0.9,0.14,2.97,1.2,0.36,18,20,0.41,0.04,0.03,0.12,3,25,0.01,0.07,0.02,0,141,10,0.15,7,0.04,0,0,29,0.95
11106,LECHUGA NO ARREPOLLADA (BUTTERHEAD),"Verduras, hortalizas y otros vegetales",11,95.63,13,1.35,0.22,2.23,1.1,0.57,35,33,1.24,0.06,0.06,0.36,4,166,0.01,0.12,0.03,0,238,5,0.2,13,0.08,0,0,73,0.74
11107,"ENDIVIA, HOJAS","Verduras, hortalizas y otros vegetales",11,93.79,17,1.25,0.2,3.35,3.1,1.41,52,28,0.83,0.08,0.08,0.4,7,108,0,0.09,0.05,0,314,22,0.79,15,0.02,0,0,142,0.86
11108,LOROCO,"Verduras, hortalizas y otros vegetales",11,89.2,32,2.6,0.2,6.8,,1.2,58,46,1.1,0.64,0.11,2.3,12,,,,,,,,,,,,,,0.92
11109,"MADRECACAO, FLORES","Verduras, hortalizas y otros vegetales",11,86,46,2.4,0.2,10.8,,0.6,22,37,1.8,0.11,0.08,0.6,44,,,,,,,,,,,,,,1
11110,"MAIZ AMARILLO DULCE, GRANO ENLATADO","Verduras, hortalizas y otros vegetales",11,81.34,64,1.95,0.5,15.41,1.7,0.8,4,51,0.41,0.03,0.06,0.94,6,3,0.14,0.23,0.08,0,164,213,0.36,16,0.04,0,0,38,1
11111,"MAIZ AMARILLO DULCE, ESTILO CREMA, ENLATADO","Verduras, hortalizas y otros vegetales",11,78.73,72,1.74,0.42,18.13,1.2,0.98,3,51,0.38,0.03,0.05,0.96,5,4,0.12,0.2,0.06,0,134,285,0.53,17,0.06,0,0,45,1
11112,"MALANGA/OTOE  RAIZ, CRUDA","Verduras, hortalizas y otros vegetales",11,65.9,132,1.7,0.3,30.9,2.4,1.2,14,56,0.8,0.13,0.03,0.7,5,1,0.02,0.08,0.04,0,,,,,0.29,0,23,,0.69
11113,MILTOMATE,"Verduras, hortalizas y otros vegetales",11,88.3,40,1.6,0.5,8.8,1.3,0.8,10,34,0.9,0.09,0.04,2.4,6,344,0.01,0.04,0.01,0,204,13,0.07,10,0,0,0,,0.9
11114,"MOSTAZA, HOJAS","Verduras, hortalizas y otros vegetales",11,90.6,27,2.6,0.4,4.8,3.3,1.6,80,40,4,0.07,0.21,6.2,62,525,0.09,0.04,0.01,0,354,25,0.2,,0.18,0,0,187,0.83
11115,MUTAS/MOTATE,"Verduras, hortalizas y otros vegetales",11,92,25,0.9,0.3,5.7,,1.1,116,24,0.6,0.03,0.04,0.4,21,,,,,,,,,,,,,,0.45
11116,"NABO, HOJAS","Verduras, hortalizas y otros vegetales",11,89.67,32,1.5,0.3,7.13,3.2,1.4,190,42,1.1,0.07,0.1,0.6,60,579,0.02,0.12,0.07,0,296,40,0.19,31,0.26,0,0,194,0.7
11117,"NABO, RAIZ, CRUDA","Verduras, hortalizas y otros vegetales",11,91.87,28,0.9,0.1,6.43,1.8,0.7,30,27,0.3,0.04,0.03,0.4,21,0,0.01,0.05,0.01,0,191,67,0.27,11,0.09,0,0,15,0.81
11118,ÑAME/YAM CRUDO,"Verduras, hortalizas y otros vegetales",11,69.6,118,1.53,0.17,27.88,4.1,0.82,17,55,0.54,0.11,0.03,0.55,17,7,0.01,0.08,0.04,0,816,9,0.24,21,0.29,0,0,23,0.86
11119,"ÑAME/YAM COCIDO S/SAL, ESCURRIDO","Verduras, hortalizas y otros vegetales",11,70.13,116,1.49,0.14,27.58,3.9,0.66,14,49,0.52,0.09,0.03,0.55,12,6,0,0.06,0.03,0,670,8,0.2,18,0.23,0,0,16,1
11120,ÑAMPI/TARO CRUDO,"Verduras, hortalizas y otros vegetales",11,70.64,112,1.5,0.2,26.46,4.1,1.2,43,84,0.55,0.09,0.03,0.6,5,4,0.02,0.08,0.04,0,591,11,0.23,33,0.28,0,0,22,0.86
11121,"ÑAMPI/TARO COCIDO S/SAL, ESCURRIDO","Verduras, hortalizas y otros vegetales",11,63.8,142,0.52,0.11,34.6,5.1,0.97,18,76,0.72,0.11,0.03,0.51,5,4,0.01,0.05,0.02,0,484,15,0.27,30,0.33,0,0,19,1
11122,OCRA CRUDA,"Verduras, hortalizas y otros vegetales",11,90.17,31,2,0.1,7.03,3.2,0.7,81,63,0.8,0.2,0.06,1,21,19,0.02,0.03,0.03,0,303,8,0.6,57,0.22,0,0,88,0.86
11123,"OCRA COCIDA S/SAL, ESCURRIDA","Verduras, hortalizas y otros vegetales",11,92.57,22,1.87,0.17,4.55,2.5,0.84,77,32,0.28,0.13,0.05,0.87,16,14,0.03,0.05,0.05,0,135,6,0.43,36,0.19,0,0,46,1
11124,PACAYA,"Verduras, hortalizas y otros vegetales",11,85,45,4,0.7,8.3,,2,369,106,1.4,0.08,0.1,0.9,14,,,,,,,,,,,,,,0.43
11125,PALMITO S/CORTEZA,"Verduras, hortalizas y otros vegetales",11,91,26,2.2,0.2,5.2,,1.4,86,79,0.8,0.04,0.09,0.7,17,,,,,,,,,,,,,,0.95
11126,"RABANO, HOJAS","Verduras, hortalizas y otros vegetales",11,85.6,52,2.8,0.5,9.9,,,238,,2.8,0.14,0.26,0.6,122,239,0.02,0.02,0.01,0,370,4,0.73,10,,,,,0.82
11127,"PAPAS C/CASCARA, CRUDAS","Verduras, hortalizas y otros vegetales",11,79.34,77,2.02,0.09,17.47,2.2,1.08,12,57,0.78,0.08,0.03,1.05,20,0,0,0.04,0.03,0,421,6,0.29,23,0.29,0,0,16,1
11128,"PAPAS C/CASCARA, COCIDAS S/SAL","Verduras, hortalizas y otros vegetales",11,77.8,78,2.86,0.1,17.21,3.3,2.04,45,54,6.07,0.03,0.04,1.22,5,0,0,0.04,0.03,0,407,14,0.44,30,0.24,0,0,10,1
11129,"PAPAS C/CASCARA, HORNEADAS S/SAL","Verduras, hortalizas y otros vegetales",11,74.89,93,2.5,0.13,21.15,2.2,1.33,15,70,1.08,0.06,0.05,1.41,10,1,0,0.06,0.04,0,535,10,0.36,28,0.31,0,0,28,1
11130,"PAPAS S/CASCARA, CRUDAS","Verduras, hortalizas y otros vegetales",11,83.29,58,2.57,0.1,12.44,2.5,1.61,30,38,3.24,0.02,0.04,1.03,11,0,0,0.04,0.03,0,413,10,0.35,23,0.24,0,0,17,1
11131,"PAPAS S/CASCARA, COCIDAS S/SAL","Verduras, hortalizas y otros vegetales",11,77.46,86,1.71,0.1,20.01,1.8,0.72,8,40,0.31,0.1,0.02,1.31,7,0,0,0.04,0.03,0,328,5,0.27,20,0.27,0,0,9,1
11132,"PAPAS S/CASCARA, HORNEADAS S/SAL","Verduras, hortalizas y otros vegetales",11,75.42,93,1.96,0.1,21.55,1.5,0.97,5,50,0.35,0.1,0.02,1.39,13,0,0,0.04,0.03,0,391,5,0.29,25,0.3,0,0,9,0.77
11134,"PAPAS, HARINA","Verduras, hortalizas y otros vegetales",11,6.52,357,6.9,0.34,83.08,5.9,3.14,65,168,1.38,0.23,0.05,3.51,4,0,0.01,0.15,0.09,0,1001,55,0.54,65,0.77,0,0,25,1
11135,"PAPAS PURE, PREPARADO C/LECHE","Verduras, hortalizas y otros vegetales",11,78.51,83,1.92,0.57,17.53,1.5,1.46,24,47,0.27,0.09,0.04,1.12,6,4,0.1,0.05,0.25,2,298,302,0.29,18,0.23,0.07,0,8,1
11136,"PAPAS PURE, PREPARADO C/LECHE Y MARGARINA","Verduras, hortalizas y otros vegetales",11,75.24,113,2,4.19,16.91,1.5,1.65,22,49,0.26,0.09,0.04,1.18,11,41,1.74,1.22,1,1,328,333,0.3,19,0.25,0.07,0,9,1
11137,"PAPAS PURE, HOJUELAS DESHIDRATADAS S/LECHE","Verduras, hortalizas y otros vegetales",11,6.51,354,8.35,0.39,81.21,6.9,3.54,25,154,1.2,1.03,0.11,6.15,84,1,0.01,0.17,0.1,0,1084,107,0.68,65,0.76,0,0,40,1
11138,PEPINO/COJOMBRO DE ENSALADA,"Verduras, hortalizas y otros vegetales",11,96.73,12,0.59,0.16,2.16,0.7,0.36,14,21,0.22,0.03,0.03,0.04,3,4,0,0,0.01,0,136,2,0.17,12,0.05,0,0,14,0.73
11139,PEPINILLOS ACIDOS O PICKLES ENLATADO,"Verduras, hortalizas y otros vegetales",11,94.08,11,0.33,0.2,2.26,1.2,3.13,0,14,0.4,0,0.01,0,1,7,0,0.08,0.05,0,23,1208,0.02,4,0.01,0,0,1,1
11140,"PEREJIL, FRESCO","Verduras, hortalizas y otros vegetales",11,87.71,36,2.97,0.79,6.33,3.3,2.2,138,58,6.2,0.09,0.1,1.31,133,421,0.29,0.12,0.13,0,554,56,1.07,50,0.09,0,0,152,0.95
11141,"PITO/QUILITE, HOJAS Y BROTES","Verduras, hortalizas y otros vegetales",11,84.2,48,4.4,0.2,10,,1.2,108,80,2.2,0.19,0.19,1.2,37,,,,,,,,,,,,,,0.46
11142,"PUERRO, CABEZA O BULBO Y HOJAS","Verduras, hortalizas y otros vegetales",11,83,61,1.5,0.3,14.15,1.8,1.05,59,35,2.1,0.06,0.03,0.4,12,83,0,0.17,0.04,0,180,20,0.12,28,0.23,0,0,64,0.44
11143,"QUIXTAN, HOJAS","Verduras, hortalizas y otros vegetales",11,85.4,47,5.8,1.4,5.9,,1.5,133,39,5.5,0.12,0.28,1.64,102,364,,,,,,,,,,,,,0.58
11144,"RABANO REDONDO, RAIZ","Verduras, hortalizas y otros vegetales",11,95.4,11,1.5,0.1,1.5,,,24,,0.4,0.03,0.06,0.4,22,0,0.02,0.02,0.03,0,227,21,,16,0.1,0,,,0.78
11145,"RABANO LARGO, RAIZ","Verduras, hortalizas y otros vegetales",11,92.6,22,1.1,0.5,4.3,1.6,,30,,0.3,0.06,0.06,0.4,29,3,0.02,0.05,0.03,0,233,39,0.28,9,0.07,0,0,25,0.8
11146,"REMOLACHA, HOJAS","Verduras, hortalizas y otros vegetales",11,91.02,22,2.2,0.13,4.33,3.7,2.33,117,41,2.57,0.1,0.22,0.4,30,316,0.03,0.05,0.02,0,762,226,0.38,70,0.11,0,0,15,0.56
11147,REMOLACHA CRUDA,"Verduras, hortalizas y otros vegetales",11,87.58,43,1.61,0.17,9.56,2.8,1.08,16,40,0.8,0.03,0.04,0.33,5,2,0.03,0.06,0.03,0,325,78,0.35,23,0.07,0,0,109,0.67
11148,"REMOLACHA COCIDA S/SAL, ESCURRIDA","Verduras, hortalizas y otros vegetales",11,87.06,44,1.68,0.18,9.96,2,1.12,16,38,0.79,0.03,0.04,0.33,4,2,0.04,0.06,0.03,0,305,77,0.35,23,0.07,0,0,80,1
11149,"REMOLACHA ENLATADA, SOLIDOS","Verduras, hortalizas y otros vegetales",11,90.96,31,0.91,0.14,7.21,1.7,0.78,15,17,1.82,0.01,0.04,0.16,4,1,0.03,0.05,0.02,0,148,194,0.21,17,0.06,0,0,30,1
11150,"REPOLLO/COL COMUN, CRUDO","Verduras, hortalizas y otros vegetales",11,92.52,24,1.21,0.18,5.37,2.3,0.72,47,23,0.56,0.05,0.03,0.3,51,6,0.01,0.09,0.02,0,246,18,0.18,15,0.09,0,0,57,0.8
11151,"REPOLLO/COL COMUN, COCIDO S/SAL, ESCURRIDO","Verduras, hortalizas y otros vegetales",11,93.6,22,1.02,0.43,4.46,1.9,0.49,31,15,0.17,0.06,0.05,0.28,20,7,0.03,0.2,0.05,0,97,8,0.09,8,0.11,0,0,20,1
11152,"RUIBARBO, TALLOS","Verduras, hortalizas y otros vegetales",11,94,18,0.7,0.2,4.1,,1,62,16,0.3,0.02,0.02,0.2,11,,,,,,,,,,,,,,0.83
11153,"SAGU DE SAN VICENTE, RAIZ","Verduras, hortalizas y otros vegetales",11,57.2,157,2.4,0.1,39,,1.3,20,24,3.2,0.08,0.03,0.7,9,,,,,,,,,,,,,,0.8
11154,SALSIFI,"Verduras, hortalizas y otros vegetales",11,77,82,3.3,0.2,18.6,3.3,0.9,60,75,0.7,0.08,0.22,0.5,8,0,,,,0,380,20,0.38,23,0.28,0,0,26,0.87
11155,SUCHINI CRUDO,"Verduras, hortalizas y otros vegetales",11,94.64,16,1.21,0.18,3.35,1.1,0.62,15,38,0.35,0.05,0.14,0.49,17,10,0.01,0.08,0.04,0,262,10,0.29,17,0.22,0,0,29,0.95
11156,"SUCHINI COCIDO S/SAL, ESCURRIDO","Verduras, hortalizas y otros vegetales",11,94.74,16,0.64,0.05,3.93,1.4,0.64,13,40,0.35,0.04,0.04,0.43,5,56,0,0.02,0.01,0,253,3,0.18,22,0.08,0,0,17,1
11157,TOMATE ROJO,"Verduras, hortalizas y otros vegetales",11,93.8,21,0.8,0.3,4.6,1.2,0.5,7,24,0.6,0.06,0.05,0.7,23,42,0.05,0.14,0.05,0,237,5,0.17,,0.08,0,0,15,0.98
11158,TOMATE VERDE,"Verduras, hortalizas y otros vegetales",11,93.6,21,1.2,0.2,4.6,1.1,0.4,6,20,0.6,0.06,0.04,0.4,18,32,0.03,0.08,0.03,0,204,13,0.07,,0.08,0,0,9,0.98
11159,TOMATE DE ARBOL,"Verduras, hortalizas y otros vegetales",11,85.9,50,2.2,0.9,10.3,,0.7,9,48,0.8,0.1,0.04,1.2,29,300,,,,,,,,,,,,,1
11161,"TOMATE, JUGO ENLATADO S/SAL","Verduras, hortalizas y otros vegetales",11,93.9,17,0.76,0.05,4.24,0.4,1.05,10,18,0.43,0.05,0.03,0.67,18,23,0.01,0.02,0.01,0,229,10,0.15,11,0.11,0,0,20,1
11162,"TOMATE, PASTA ENLATADA S/SAL","Verduras, hortalizas y otros vegetales",11,73.5,82,4.32,0.47,18.91,4.5,2.8,36,83,2.98,0.06,0.15,3.08,22,76,0.07,0.16,0.1,0,1014,98,0.63,42,0.22,0,0,12,1
11163,TOMATILLO (CHERRY),"Verduras, hortalizas y otros vegetales",11,89.8,30,1.5,0.1,7.1,,,59,,6,0.12,0.06,1,85,500,0.01,0.04,0.01,0,207,8,0.11,11,0.05,0,9,,0.86
11164,"VEGETALES, JUGO ENLATADO","Verduras, hortalizas y otros vegetales",11,93.52,19,0.63,0.09,4.55,0.8,1.21,11,17,0.42,0.04,0.03,0.73,28,78,0.01,0.04,0.01,0,193,270,0.2,11,0.14,0,0,21,1
11165,VERDOLAGA,"Verduras, hortalizas y otros vegetales",11,91.2,26,2,0.4,5,,1.4,79,32,3.6,0.02,0.1,0.5,23,66,,,,0,494,45,0.17,,0.07,0,0,12,0.52
11166,"YUCA O MANDIOCA, HOJAS Y PUNTAS","Verduras, hortalizas y otros vegetales",11,77.2,80,6.8,1.4,12.8,,1.8,206,86,2,0.12,0.27,1.7,290,,,,,,,,,,,,,,1
11167,"YUCA O MANDIOCA, RAIZ","Verduras, hortalizas y otros vegetales",11,59.68,160,1.36,0.28,38.06,1.8,0.62,16,27,0.27,0.09,0.05,0.85,21,1,0.08,0.05,0.07,0,271,14,0.34,21,0.09,0,0,27,1
11168,"YUCA O MANDIOCA, HARINA O ALMIDON","Verduras, hortalizas y otros vegetales",11,14.2,320,1.7,0.5,81,,2.6,148,104,5.4,0.08,0.07,1.6,14,,,,,,,,,,,,,,1
11169,"ZANAHORIA C/CASCARA, CRUDA","Verduras, hortalizas y otros vegetales",11,88.29,41,0.93,0.24,9.58,2.8,0.97,33,35,0.3,0.07,0.06,0.98,6,841,0.01,0.12,0.04,0,320,69,0.24,12,0.14,0,0,19,0.89
11170,"ZANAHORIA S/CASCARA, CRUDA","Verduras, hortalizas y otros vegetales",11,88.7,41,0.9,0.1,9.4,2.9,0.9,32,28,0.6,0.05,0.04,0.6,6,666,0.01,0.07,0.03,0,323,35,0.2,,0.15,0,14,,0.8
11171,"ZANAHORIA S/CASCARA, COCIDA S/SAL, ESCURRIDA","Verduras, hortalizas y otros vegetales",11,90.17,35,0.76,0.18,8.22,3,0.67,30,30,0.34,0.07,0.04,0.64,4,860,0.01,0.11,0.04,0,235,58,0.2,10,0.15,0,0,14,1
11172,"ZANAHORIA ENLATADA, SOLIDOS","Verduras, hortalizas y otros vegetales",11,92.95,25,0.64,0.19,5.54,1.5,0.68,25,24,0.64,0.02,0.03,0.55,3,558,0.01,0.09,0.04,0,179,242,0.26,8,0.11,0,0,9,1
11173,"ZANAHORIA, JUGO NATURAL","Verduras, hortalizas y otros vegetales",11,90,30,0.6,0.1,9.3,,,24,,0.5,0.09,0.06,0.4,9,1545,0.01,0.06,0.03,0,292,29,0.18,14,0.22,0,4,,1
11174,"TAPIOCA PERLADA, SECA","Verduras, hortalizas y otros vegetales",11,10.99,358,0.19,0.02,88.69,0.9,0.11,20,7,1.58,0,0,0,0,0,0,0,0,0,11,1,0.12,1,0.01,0,0,4,1
11175,REPOLLO/COL MORADA CRUDA,"Verduras, hortalizas y otros vegetales",11,90.39,31,1.43,0.16,7.37,2.1,0.64,45,30,0.8,0.06,0.07,0.42,57,56,0.02,0.13,0.03,0,243,27,0.22,16,0.21,0,0,18,0.8
11176,"REPOLLO/COL MORADA COCIDA S/SAL, ESCURRIDA","Verduras, hortalizas y otros vegetales",11,90.84,29,1.51,0.09,6.94,2.6,0.62,42,33,0.66,0.07,0.06,0.38,11,2,0.01,0.09,0.03,0,262,8,0.25,17,0.22,0,0,24,1
11177,BROTES DE BAMBU,"Verduras, hortalizas y otros vegetales",11,91,27,2.6,0.3,5.2,2.2,0.9,13,59,0.5,0.15,0.07,0.6,4,1,0.01,0.13,0.07,0,533,4,1.1,3,0.24,0,0,7,0.29
11178,JICAMA COCIDA,"Verduras, hortalizas y otros vegetales",11,90.07,38,0.72,0.09,8.82,,0.3,11,16,0.57,0.02,0.03,0.19,14,1,,,,0,135,4,0.15,11,0.04,0,0,8,1
11179,LECHUGA ROMANA,"Verduras, hortalizas y otros vegetales",11,94.61,17,1.23,0.3,3.28,2.1,0.58,33,30,0.97,0.07,0.07,0.31,24,290,0.01,0.16,0.04,0,247,8,0.23,14,0.07,0,0,136,0.94
11180,"NABO, RAIZ COCIDA","Verduras, hortalizas y otros vegetales",11,93.6,22,0.71,0.08,5.06,2,0.55,33,26,0.18,0.03,0.02,0.3,12,0,0,0.04,0.01,0,177,16,0.12,9,0.07,0,0,9,1
11181,"PAPAS PURE, GRANULADO DESHIDRATADO C/LECHE, SECO","Verduras, hortalizas y otros vegetales",11,6.3,358,10.9,1.1,77.7,6.9,4,142,237,3.5,0.19,0.3,4.2,16,18,0.15,0.28,0.46,2,1848,82,1.2,74,0.89,0,0,30,1
11182,"PAPAS PURE, GRANULADO DESHID C/LECHE, PREPARADO","Verduras, hortalizas y otros vegetales",11,76.01,116,2.19,4.79,16.08,1.3,0.94,34,64,0.2,0.09,0.09,0.86,7,47,1.96,1.35,1.21,2,157,171,0.25,20,0.16,0.1,0,8,1
11183,ZANAHORIAS PEQUEÑAS (BABY),"Verduras, hortalizas y otros vegetales",11,90.35,35,0.64,0.13,8.24,1.8,0.63,32,28,0.89,0.03,0.04,0.56,8,690,0.01,0.06,0.02,0,237,78,0.17,10,0.1,0,0,33,1
12001,ABERIA/KITEMBILLA,Frutas y jugos de frutas,12,82.8,63,1.2,0.8,14.6,,0.6,13,26,1.2,0.02,0.04,0.3,98,,,,,,,,,,,,,,0.98
12002,"ACEROLA, FRUTA",Frutas y jugos de frutas,12,91.41,32,0.4,0.3,7.69,1.1,0.2,12,11,0.2,0.02,0.06,0.4,1678,38,0.08,0.09,0.07,0,146,7,0.1,18,0.01,0,0,14,0.8
12003,"ACEROLA, JUGO NATURAL",Frutas y jugos de frutas,12,94.3,23,0.4,0.3,4.8,0.3,0.2,10,9,0.5,0.02,0.06,0.4,1600,25,0.08,0.09,0.07,0,97,3,0.1,12,0,0,0,14,1
12004,"ALBARICOQUE, FRUTA FRESCA",Frutas y jugos de frutas,12,86.35,48,1.4,0.39,11.12,2,0.75,13,23,0.39,0.03,0.04,0.6,10,96,0.17,0.08,0.03,0,259,1,0.2,10,0.05,0,0,9,0.93
12005,"ALBARICOQUE, FRUTA DESHIDRATADA",Frutas y jugos de frutas,12,7.5,320,4.9,0.62,82.89,,4.09,61,157,6.31,0.04,0.15,3.58,10,633,0.27,0.12,0.04,0,1850,13,1,63,0.52,0,0,4,1
12006,"ALBARICOQUE, JUGO ENVASADO SOL&LIQ",Frutas y jugos de frutas,12,86.62,48,0.63,0.04,12.34,1.6,0.37,12,20,0.3,0.02,0.02,0.34,5,85,0.02,0.01,0,0,165,4,0.11,10,0.05,0,0,2,1
12007,"ALBARICOQUE, NECTAR ENVASADO, S/VIT, C",Frutas y jugos de frutas,12,84.87,56,0.37,0.09,14.39,0.6,0.29,7,9,0.38,0.01,0.01,0.26,1,66,0.04,0.02,0.01,0,114,3,0.09,5,0.02,0,0,1,1
12008,ANONA BLANCA O ATA,Frutas y jugos de frutas,12,71.5,101,1.7,0.6,25.2,2.4,1,30,21,0.71,0.08,0.1,0.5,19,2,,,0.23,0,382,4,,18,0.22,0,,,0.58
12009,ANONA ROSADA O CORAZON DE BUEY,Frutas y jugos de frutas,12,74.4,89,1.9,0.1,22.8,2.4,0.8,17,20,0.4,0.06,0.07,0.43,33,2,,,0.23,0,382,4,,,0.22,0,,,0.3
12010,"BANANO/GUINEO, MADURO",Frutas y jugos de frutas,12,74.91,89,1.09,0.33,22.84,2.6,0.82,5,22,0.26,0.03,0.07,0.67,9,3,0.03,0.07,0.11,0,358,1,0.15,27,0.37,0,0,20,0.64
12011,"BANANO/GUINEO, VERDE",Frutas y jugos de frutas,12,69,110,1.4,0.2,28.7,0.5,0.7,8,35,0.9,0.04,0.02,0.6,31,130,,,,,,,,,,,,,0.66
12012,CAIMITO MADURO,Frutas y jugos de frutas,12,82.8,68,0.8,1.6,14.5,,0.3,21,17,0.8,0.04,0.03,1,11,,,,,,,,,,,,,,0.48
12013,CAIMITO VERDE,Frutas y jugos de frutas,12,80.1,84,1.4,3.2,14.6,,0.7,22,21,0.6,0.02,0.01,0.9,3,,,,,,,,,,,,,,0.48
12014,CAPULIN/CAPULINA,Frutas y jugos de frutas,12,76.3,91,2.1,2.3,17.9,,1.4,125,94,1.2,0.06,0.05,0.5,90,,,,,,,,,,,,,,0.8
12015,CARAMBOLA,Frutas y jugos de frutas,12,91.38,31,1.04,0.33,6.73,2.8,0.52,3,12,0.08,0.01,0.02,0.37,34,3,0.03,0.18,0.02,0,133,2,0.12,10,0.02,0,0,12,0.97
12016,CAS,Frutas y jugos de frutas,12,86.5,48,1.2,0.8,10.4,,1.1,17,31,6.7,0.03,0.03,0.6,240,,,,,,,,,,,,,,1
12017,CEREZA,Frutas y jugos de frutas,12,86.13,50,1,0.3,12.18,1.6,0.4,16,15,0.32,0.03,0.04,0.4,10,64,0.08,0.09,0.07,0,173,3,0.1,9,0.04,0,0,8,0.9
12018,CIDRA O LIMON REAL,Frutas y jugos de frutas,12,88.7,40,0.6,0.1,10.2,,0.4,42,20,0.4,0.06,0.04,0.2,32,0,,,,,,,,,,,,,0.85
12019,"CIRUELA ROJA O AMARILLA, FRUTA FRESCA",Frutas y jugos de frutas,12,87.23,46,0.7,0.28,11.42,1.4,0.37,6,16,0.17,0.03,0.03,0.42,10,17,0.13,0.04,0.02,0,157,0,0.1,7,0.03,0,0,5,0.94
12020,"CIRUELA ROJA, FRUTA SECA O PASA",Frutas y jugos de frutas,12,30.92,240,2.18,0.38,63.88,7.1,2.64,43,69,0.93,0.05,0.19,1.88,1,39,0.05,0.06,0.09,0,732,2,0.44,41,0.2,0,0,4,0.87
12021,"COCO, AGUA DE",Frutas y jugos de frutas,12,94.99,19,0.72,0.2,3.71,1.1,0.39,24,20,0.29,0.03,0.06,0.08,2,0,0.01,0,0.18,0,250,105,0.1,25,0.03,0,0,3,1
12022,"COCO, MADURO, PULPA",Frutas y jugos de frutas,12,46.99,354,3.33,33.49,15.23,9,0.97,14,113,2.43,0.07,0.02,0.54,3,0,1.42,0.37,29.7,0,356,20,1.1,32,0.05,0,0,26,0.52
12023,"COCO, TIERNO, PULPA",Frutas y jugos de frutas,12,81.4,122,1.9,11.9,4,,0.8,11,42,1.1,0.05,0.03,0.8,7,0,3.9,1,30,0,256,23,,,,,26,,0.26
12024,"COCO, LECHE 1A, EXTRACCION",Frutas y jugos de frutas,12,67.62,230,2.29,23.84,5.54,2.2,0.72,16,100,1.64,0.03,0,0.76,3,0,1.01,0.26,21.14,0,263,15,0.67,37,0.03,0,0,16,1
12025,"COCO, LECHE 2A, EXTRACCION",Frutas y jugos de frutas,12,91.7,60,0.7,6.4,1,,0.2,13,25,1.8,0.04,0.02,0.14,,,,,,,,,,,,,,,1
12026,"COYOL, FRUTO",Frutas y jugos de frutas,12,51.8,231,4.4,13.8,27.9,,2.1,199,57,0.2,0.14,0.09,1,28,,,,,,,,,,,,,,0.52
12027,COYOLITO/HUISCOYOL,Frutas y jugos de frutas,12,81.9,68,1.5,0.1,15.1,,1.4,23,33,1.5,0.03,0.06,0.32,9,,,,,,,,,,,,,,0.25
12028,CUCHAMPER,Frutas y jugos de frutas,12,92.2,29,1.1,0.1,6.2,,0.4,12,17,0.4,0.1,0.02,0.2,120,,,,,,,,,,,,,,0.55
12029,"CUSHIN/PATERNA/GUABA, PULPA",Frutas y jugos de frutas,12,83,60,1,0.1,15.5,,0.4,21,20,0.9,0.04,0.06,0.4,9,,,,,,,,,,,,,,0.2
12030,CHICOZAPOTE/NISPERO DE MONTAÑA,Frutas y jugos de frutas,12,78,83,0.44,1.1,19.96,5.3,0.5,21,12,0.8,0,0.02,0.2,15,3,0.52,0.01,0.19,0,193,12,0.1,12,0.04,0,0,14,0.8
12031,CHIRIMOYA,Frutas y jugos de frutas,12,79.39,74,1.65,0.62,17.7,2.3,0.64,8,26,0.3,0.09,0.12,0.57,12,0,,,,0,269,4,0.18,16,0.21,0,0,18,0.79
12032,"DURAZNO AMARILLO/MELOCOTON, EN ALMIB,, ENV,SOL&LIQ",Frutas y jugos de frutas,12,79.28,74,0.45,0.1,19.94,1.3,0.24,3,11,0.27,0.01,0.02,0.61,3,17,0.04,0.05,0.01,0,92,6,0.09,5,0.02,0,0,3,1
12033,"DURAZNO AMARILLO/MELOCOTON, FRUTA CRIOLLA",Frutas y jugos de frutas,12,,46,0.9,0.1,11.7,1.5,,16,,0.1,0.02,0.04,1,19,22,0.07,0.09,0.02,0,190,0,0.17,7,0.03,0,0,4,0.88
12034,"DURAZNO AMARILLO/MELOCOTON, FRUTA IMPORTADA",Frutas y jugos de frutas,12,88.87,39,0.91,0.25,9.54,1.5,0.43,6,20,0.25,0.02,0.03,0.81,7,16,0.07,0.09,0.02,0,190,0,0.17,9,0.03,0,0,4,0.87
12035,"DURAZNO AMARILLO/MELOCOTON, JUGO ENV, SOL&LIQ",Frutas y jugos de frutas,12,87.49,44,0.63,0.03,11.57,1.3,0.27,6,17,0.27,0.01,0.02,0.58,4,19,0.01,0.02,0,0,128,4,0.11,7,0.02,0,0,3,1
12036,"DURAZNO AMARILLO/MELOCOTON, NECTAR ENV, C/VIT C",Frutas y jugos de frutas,12,85.64,54,0.27,0.02,13.92,0.6,0.15,5,6,0.19,0,0.01,0.29,27,13,0.01,0.01,0,0,40,7,0.08,4,0.01,0,0,1,1
12037,"DURAZNO AMARILLO/MELOCOTON, FRUTA DESHIDRATADA",Frutas y jugos de frutas,12,31.8,239,3.61,0.76,61.33,8.2,2.5,28,119,4.06,0,0.21,4.38,5,108,0.28,0.37,0.08,0,996,7,0.57,42,0.07,0,0,0,1
12038,"DURAZNO COMUN, MADURO C/CASCARA",Frutas y jugos de frutas,12,85.3,52,0.8,0.2,13.3,1.5,0.4,12,26,1.1,0.03,0.06,0.4,28,16,0.07,0.09,0.02,0,190,0,0.17,,0.03,0,0,4,0.92
12039,"DURAZNO COMUN, MADURO S/CASCARA",Frutas y jugos de frutas,12,84.2,56,0.9,0.3,14,1.5,0.6,12,23,0.4,0.03,0.04,0.4,17,16,0.07,0.09,0.02,0,190,0,0.17,,0.03,0,0,4,0.65
12040,"DURAZNO COMUN, VERDE C/CASCARA",Frutas y jugos de frutas,12,85.3,57,0.2,1.3,12.6,,0.6,13,18,1.9,0.03,0.05,0.2,25,3,0.03,0.04,0.01,0,202,1,0.14,,0.02,0,3,,0.92
12041,DURIAN O DURIO,Frutas y jugos de frutas,12,81.1,67,2.2,0.8,14.8,3.8,1.1,8,38,0.7,0.35,0.2,0.7,24,2,,,,0,436,2,0.28,,0.32,0,,,0.46
12042,FRESA O FRUTILLA,Frutas y jugos de frutas,12,90.95,32,0.67,0.3,7.68,2,0.4,16,24,0.42,0.02,0.02,0.39,59,1,0.04,0.16,0.01,0,153,1,0.14,13,0.05,0,0,24,0.94
12043,FRUTA DE PAN O MASAPAN,Frutas y jugos de frutas,12,77.3,81,1.3,0.5,20.1,,0.8,27,33,1.9,0.1,0.06,0.7,29,4,,,,0,490,2,0.12,,,,,,0.68
12044,"FRUTAS EN ALMIBAR, ENVASADAS SOL&LIQ",Frutas y jugos de frutas,12,80.56,72,0.37,0.1,18.76,1,0.21,1,10,0.36,0.01,0.04,0.6,69,10,0.02,0.04,0.01,0,84,4,0.07,5,0.04,0,0,3,1
12045,FRUTAS SECAS MIXTAS,Frutas y jugos de frutas,12,31.18,243,2.46,0.49,64.06,7.8,1.82,38,77,2.71,0.04,0.16,1.93,4,122,0.23,0.11,0.04,0,796,18,0.5,39,0.16,0,0,4,0.94
12046,GRANADA ROJA,Frutas y jugos de frutas,12,80.97,68,0.95,0.3,17.17,0.6,0.61,3,8,0.3,0.03,0.03,0.3,6,5,0.05,0.06,0.04,0,259,3,0.12,3,0.1,0,0,6,0.56
12047,"GRANADILLA DULCE, FRUTA",Frutas y jugos de frutas,12,76.3,94,2.4,2.8,17.3,,1.2,10,64,0.9,0,0.11,1.6,20,28,,,,0,348,28,,,0.06,,20,,0.73
12048,"GRANADILLA DULCE, JUGO NATURAL",Frutas y jugos de frutas,12,86,51,1.1,0.1,11.9,,0.9,7,30,0.8,0,0.1,2.1,20,,,,,,,,,,,,,,1
12049,"GRANADILLA REAL/BADEA, PULPA",Frutas y jugos de frutas,12,94.4,20,0.7,0.2,4.3,,0.4,14,17,0.8,0,0.03,3.8,15,7,,,,,,,,,,,,,0.58
12050,GUANABANA/GUANABA,Frutas y jugos de frutas,12,81.16,66,1,0.3,16.84,3.3,0.7,14,27,0.6,0.07,0.05,0.9,21,0,0.09,0.07,0.05,0,278,14,0.1,21,0.06,0,0,14,0.67
12051,GUAPINOL/CURBARIL,Frutas y jugos de frutas,12,14.6,309,5.9,2.2,75.3,,2,28,143,3.2,0.23,0.17,4.1,11,,,,,,,,,,,,,,0.58
12052,GUAYABA MADURA,Frutas y jugos de frutas,12,86.1,51,0.8,0.6,11.9,,,20,,0.3,0.05,0.05,1.2,183,32,0.05,0.18,0.17,0,284,3,0.23,10,0.14,0,,,0.82
12053,GUAYABA VERDE,Frutas y jugos de frutas,12,74.2,95,1,1.2,22.8,4.9,0.8,41,27,0.7,0.04,0.03,0.73,48,32,0.05,0.18,0.17,0,284,3,0.23,,0.14,0,,,1
12054,"GUINDA O CEREZA DULCE, FRUTA FRESCA",Frutas y jugos de frutas,12,82.25,63,1.06,0.2,16.01,2.1,0.48,13,21,0.36,0.03,0.03,0.15,7,3,0.05,0.05,0.04,0,222,0,0.07,11,0.05,0,0,4,0.9
12055,"GUINDA O CEREZA DULCE, FRUTA EN ALMIBAR, ENVASADA",Frutas y jugos de frutas,12,75.66,91,0.73,0.1,23.27,1.1,0.25,10,10,1.3,0.02,0.04,0.17,2,36,0.03,0.03,0.02,0,93,7,0.06,6,0.04,0,0,8,1
12056,GUINEO MAJONCHO/CUADRADO,Frutas y jugos de frutas,12,66.2,120,1.1,0.4,31.4,,0.9,8,33,0.8,0.06,0.03,0.63,22,62,,,,,370,1,0.17,,0.5,0,22,,0.47
12057,GUINEO MORADO,Frutas y jugos de frutas,12,69.7,106,1.4,0.2,27.7,,1,12,20,0.5,0.04,0.04,0.66,10,42,,,,,370,1,0.16,,0.5,0,22,,0.52
12058,GUINEO MANZANO O DATIL,Frutas y jugos de frutas,12,70.5,104,1.1,0.2,27.4,,0.8,8,24,0.6,0.04,0.04,0.69,13,14,,,,,370,1,0.17,,0.5,0,22,,0.82
12059,GUINEO MAICENA,Frutas y jugos de frutas,12,77.2,85,0.6,1.1,20.5,,0.6,15,28,0.9,0.1,0.08,0.51,22,766,,,,,,,,,,,,,0.69
12060,HICACO/ICACO,Frutas y jugos de frutas,12,86.3,47,0.4,0.1,12.4,,0.8,38,17,0.6,0.04,0.03,0.3,9,0,,,,,,,,,,,,,0.49
12061,"HIGO, FRUTA MADURA",Frutas y jugos de frutas,12,79.11,74,0.75,0.3,19.18,2.9,0.66,35,14,0.37,0.06,0.05,0.4,2,7,0.07,0.14,0.06,0,232,1,0.15,17,0.11,0,0,6,0.99
12062,"HIGO, FRUTA VERDE",Frutas y jugos de frutas,12,87.7,42,1.6,0.2,9.8,,0.7,52,34,0.7,0.04,0.07,0.4,20,41,0.07,0.14,0.06,0,232,1,0.15,,0.11,0,,,0.96
12063,"HIGO, FRUTA EN ALMIBAR, ENVASADA SOL&LIQ",Frutas y jugos de frutas,12,76.33,88,0.38,0.1,22.9,2.2,0.29,27,10,0.28,0.02,0.04,0.43,1,2,0.02,0.05,0.02,0,99,1,0.11,10,0.07,0,0,2,1
12064,"HIGO, FRUTA DESHIDRATADA",Frutas y jugos de frutas,12,30.05,249,3.3,0.93,63.87,9.8,1.86,162,67,2.03,0.09,0.08,0.62,1,0,0.16,0.34,0.14,0,680,10,0.55,68,0.11,0,0,9,0.96
12065,INJERTO O ZAPOTE VERDE,Frutas y jugos de frutas,12,68.4,110,1.6,0.2,28.6,,1.2,23,28,0.7,0.01,0.03,1.9,43,,,,,,,,,,,,,,0.59
12066,"JOCOTE COMUN/JOBO, AMARILLO O ROJO",Frutas y jugos de frutas,12,82.7,70,0.8,2.1,13.8,,0.6,26,31,2.2,0.08,0.06,0.5,28,76,,,,,,,,,0.2,,,,0.66
12067,JOCOTE CIRUELO/JOCOTE DE CORONA,Frutas y jugos de frutas,12,76.2,83,0.9,0.1,22,,0.8,22,40,0.6,0.07,0.03,1,45,,,,,,,,,,,,,,0.66
12068,JOCOTE TRONADOR/JOBO TRONADOR,Frutas y jugos de frutas,12,70.4,102,1.4,0.1,26.7,,1.4,34,73,3,0.1,0.05,0.94,51,,,,,,,,,,,,,,0.67
12069,"KIWI, FRUTA FRESCA",Frutas y jugos de frutas,12,83.07,61,1.14,0.52,14.66,3,0.61,34,34,0.31,0.03,0.03,0.34,93,4,0.05,0.29,0.03,0,312,3,0.14,17,0.06,0,0,25,0.86
12070,LIMA LIMON/LIMON DULCE,Frutas y jugos de frutas,12,91,32,0.4,1.4,7,,0.2,24,14,0.4,0.03,0.02,0.2,40,0,,,,,,,,,,,,,0.6
12071,"LIMA DULCE, FRUTA",Frutas y jugos de frutas,12,88.26,30,0.7,0.2,10.54,2.8,0.3,33,18,0.6,0.03,0.02,0.2,29,2,0.02,0.05,0.02,0,102,2,0.11,6,0.04,0,0,8,0.84
12072,"LIMA DULCE, JUGO NATURAL",Frutas y jugos de frutas,12,90.79,25,0.42,0.07,8.42,0.4,0.31,14,14,0.09,0.03,0.01,0.14,30,2,0.01,0.02,0.01,0,117,2,0.08,8,0.04,0,0,10,
12073,"LIMON AGRIO, FRUTA SIN PIEL",Frutas y jugos de frutas,12,88.98,29,1.1,0.3,9.32,2.8,0.3,26,16,0.6,0.04,0.02,0.1,53,1,0.01,0.09,0.04,0,138,2,0.06,8,0.08,0,0,11,0.53
12074,"LIMON AGRIO, JUGO",Frutas y jugos de frutas,12,90.73,25,0.38,0,8.63,0.4,0.26,7,6,0.03,0.03,0.01,0.1,46,1,0,0,0,0,124,1,0.05,6,0.05,0,0,13,1
12075,MAMEY,Frutas y jugos de frutas,12,86.2,51,0.5,0.5,12.5,3,0.3,11,11,0.7,0.02,0.04,0.4,14,12,0.2,0.08,0.14,0,47,15,0.1,16,0.1,0,0,14,0.6
12076,MAMONCILLO/MAMON,Frutas y jugos de frutas,12,78.4,59,1.1,0.2,19.9,,0.4,12,20,0.6,0.05,0.02,0.7,5,21,,,,,,,,,,,,,0.51
12077,"MANDARINA/TANGERINA, FRUTA",Frutas y jugos de frutas,12,85.17,53,0.81,0.31,13.34,1.8,0.38,37,20,0.15,0.06,0.04,0.38,27,34,0.06,0.06,0.04,0,166,2,0.07,12,0.08,0,0,16,0.72
12078,"MANDARINA/TANGERINA, JUGO NATURAL",Frutas y jugos de frutas,12,88.9,43,0.5,0.2,10.1,0.2,0.3,18,14,0.2,0.06,0.02,0.1,31,13,0.04,0.04,0.02,0,178,1,0.03,8,0.04,0,0,5,1
12079,"MANDARINA/TANGERINA, JUGO ENVASADO S/AZUCAR",Frutas y jugos de frutas,12,89.51,37,0.62,0.03,9.57,0.7,0.28,11,10,0.27,0.08,0.03,0.44,34,43,0,0,0,0,133,5,0.51,11,0.04,0,0,5,1
12080,MANGO MADURO,Frutas y jugos de frutas,12,83.5,59,0.5,0.2,15.4,1.8,0.4,12,12,0.8,0.05,0.06,0.4,53,38,0.1,0.05,0.07,0,156,2,0.04,,0.13,0,0,14,0.53
12081,MANGO VERDE,Frutas y jugos de frutas,12,87.6,44,0.4,0.2,11.5,,0.3,14,10,0.4,0.02,0.03,0.2,128,,,,,,,,,,,,,,0.5
12082,MANGO CRIOLLO PEQUEÑO,Frutas y jugos de frutas,12,88.2,35,0.8,0,9,,,14,,1.3,0.03,0.04,0.2,80,240,,,,,189,7,,18,,,,,0.54
12083,"MANZANA, FRUTA DESHIDRATADA",Frutas y jugos de frutas,12,3,346,1.32,0.58,93.53,12.4,1.57,19,55,2,0.05,0.13,0.68,2,4,0.02,0.17,0.09,0,640,124,0.29,22,0.28,0,0,1,1
12084,"MANZANA, FRUTA CRIOLLA, S/CASCARA",Frutas y jugos de frutas,12,84.7,54,0.3,0.1,14.6,1.3,0.3,4,8,0.7,0.02,0.02,0.17,8,2,0,0.04,0.02,0,90,0,0.05,,0.04,0,0,0,0.81
12085,"MANZANA, FRUTA IMPORTADA, S/CASCARA",Frutas y jugos de frutas,12,86.67,48,0.27,0.13,12.76,1.3,0.17,5,11,0.07,0.02,0.03,0.09,4,2,0,0.04,0.02,0,90,0,0.05,4,0.04,0,0,0,0.85
12086,"MANZANA, FRUTA IMPORTADA, C/CASCARA",Frutas y jugos de frutas,12,85.56,52,0.26,0.17,13.81,2.4,0.19,6,11,0.12,0.02,0.03,0.09,5,3,0.01,0.05,0.03,0,107,1,0.04,5,0.04,0,0,3,0.92
12087,"MANZANA, JUGO ENVASADO S/AZUCAR",Frutas y jugos de frutas,12,87.93,47,0.06,0.11,11.68,0.1,0.22,7,7,0.37,0.02,0.02,0.1,1,0,0,0.03,0.02,0,119,3,0.03,3,0.03,0,0,0,1
12088,MANZANA DE AGUA/MARAÑON JAPONES,Frutas y jugos de frutas,12,90.9,32,0.6,0.1,8,,0.4,6,16,0.4,0.03,0.03,0.3,13,,,,,,,,,,,,,,0.76
12089,MANZANA ROSA/POMAROSA,Frutas y jugos de frutas,12,93,25,0.6,0.3,5.7,,0.4,29,8,0.07,0.02,0.03,0.8,22,17,,,,0,123,0,0.06,5,,0,,,0.67
12090,MANZANITA/MANZANILLA,Frutas y jugos de frutas,12,74.8,89,0.7,0.3,23.5,,0.7,82,28,1.6,0.03,0.04,0.4,79,,,,,,,,,,,,,,0.63
12091,MARAÑON/PAJUIL,Frutas y jugos de frutas,12,87.1,46,0.8,0.2,11.6,,0.3,4,18,1,0.03,0.03,0.4,219,15,,,,,,,,,,,,,0.82
12092,"MARACUYA/GRANADILLA MORADA, PULPA",Frutas y jugos de frutas,12,72.93,97,2.2,0.7,23.38,10.4,0.8,12,68,1.6,0,0.13,1.5,30,64,0.09,0.41,0.06,0,348,28,0.1,29,0.1,0,0,14,0.52
12093,"MARACUYA/GRANADILLA MORADA, JUGO NATURAL",Frutas y jugos de frutas,12,85.62,51,0.39,0.05,13.6,0.2,0.34,4,13,0.24,0,0.13,1.46,30,36,0.01,0.03,0,0,278,6,0.05,17,0.05,0,0,7,1
12094,MATASANO/ZAPOTE BLANCO,Frutas y jugos de frutas,12,82,65,1.4,0.4,15.7,,0.5,8,18,0.2,0.04,0.07,0.5,23,7,,,,,,,,,,,,,0.95
12095,MELOCOTON MORADO/COHOMBRO DE OLOR,Frutas y jugos de frutas,12,87.4,43,0.8,0.1,11.1,,0.6,31,26,0.6,0.05,0.04,0.8,16,,,,,,,,,,,,,,0.49
12096,MELON CORRUGADO O CANTALOUPE,Frutas y jugos de frutas,12,90.15,34,0.84,0.19,8.16,0.9,0.65,9,15,0.21,0.04,0.02,0.73,37,169,0,0.08,0.05,0,267,16,0.18,12,0.07,0,0,21,0.51
12097,MELON LISO O MELON CASABA,Frutas y jugos de frutas,12,91.85,28,1.11,0.1,6.58,0.9,0.36,11,5,0.34,0.01,0.03,0.23,22,0,0,0.04,0.03,0,182,9,0.07,11,0.16,0,0,8,0.6
12098,MEMBRILLO,Frutas y jugos de frutas,12,83.8,57,0.4,0.1,15.3,1.9,0.4,11,17,0.7,0.02,0.03,0.2,15,2,0.04,0.05,0.01,0,197,4,0.04,8,0.04,0,0,3,0.61
12099,SANDILLITA/BILIMBI/MIMBRO,Frutas y jugos de frutas,12,94.2,20,0.8,0.1,4.6,,0.3,3,11,1,0.01,0.03,0.3,16,,,,,,,,,,,,,,0.95
12100,MORA/ZARZAMORA,Frutas y jugos de frutas,12,88.15,43,1.39,0.49,9.61,5.3,0.37,29,22,0.62,0.02,0.03,0.65,21,11,0.05,0.28,0.01,0,162,1,0.53,20,0.03,0,0,25,0.96
12101,MORRO/JICARA,Frutas y jugos de frutas,12,73.2,91,0.9,0.5,23.2,,2.2,23,42,0.8,0.18,0.06,1.18,9,,,,,,,,,,,,,,0.5
12102,NANCE,Frutas y jugos de frutas,12,82.8,66,0.9,1.3,14.4,,0.6,33,17,2,0.02,0.04,0.4,84,,,,,,,,,,,,,,0.54
12103,"NARANJA AGRIA, FRUTA",Frutas y jugos de frutas,12,85.7,50,0.7,0.1,13,,0.5,43,17,0.6,0.06,0.04,0.3,42,10,,,,0,200,1,0.05,,,,,,0.64
12104,"NARANJA AGRIA, JUGO NATURAL",Frutas y jugos de frutas,12,88.7,43,0.7,0.2,10,,0.4,44,15,0.3,0.07,0.05,0.1,42,,,,,,,,,,,,,,1
12105,"NARANJA DULCE, FRUTA",Frutas y jugos de frutas,12,86.75,47,0.94,0.12,11.75,2.4,0.44,40,14,0.1,0.09,0.04,0.28,53,11,0.02,0.03,0.01,0,181,0,0.07,10,0.06,0,0,30,0.73
12106,"NARANJA DULCE, JUGO NATURAL",Frutas y jugos de frutas,12,88.3,45,0.7,0.2,10.4,0.2,0.4,11,17,0.2,0.09,0.03,0.4,50,10,0.04,0.04,0.02,0,200,1,0.05,11,0.04,0,0,30,1
12107,"NARANJA DULCE, JUGO ENVASADO S/AZUCAR",Frutas y jugos de frutas,12,89.01,42,0.59,0.14,9.85,0.2,0.41,8,14,0.44,0.06,0.03,0.31,34,9,0.03,0.03,0.02,0,175,2,0.07,11,0.09,0,0,18,1
12108,"NARANJILLA/LULO, PULPA",Frutas y jugos de frutas,12,91.8,28,0.7,0.1,6.8,,0.6,8,14,0.4,0.06,0.04,1.5,65,,,,,,294,4,,,,,,,1
12109,NECTARINA,Frutas y jugos de frutas,12,87.59,44,1.06,0.32,10.55,1.7,0.48,6,26,0.28,0.03,0.03,1.13,5,17,0.09,0.11,0.03,0,201,0,0.17,9,0.03,0,0,5,0.91
12110,NISPERO JAPONES,Frutas y jugos de frutas,12,86.73,47,0.43,0.2,12.14,1.7,0.5,16,27,0.28,0.02,0.02,0.18,1,76,0.01,0.09,0.04,0,266,1,0.05,13,0.1,0,0,14,0.65
12111,"PALMA AFRICANA, FRUTO DE",Frutas y jugos de frutas,12,28,537,1.6,59,10.5,,0.9,98,44,4,0.25,0.12,1.3,9,3041,,,,,,,,,,,,,0.34
12112,"PAPAYA/LECHOSA MADURA, PULPA",Frutas y jugos de frutas,12,88.83,39,0.61,0.14,9.81,1.8,0.61,24,5,0.1,0.03,0.03,0.34,62,55,0.04,0.03,0.04,0,257,3,0.07,10,0.02,0,0,38,0.67
12113,"PAPAYA/LECHOSA MADURA, NECTAR ENVASADO",Frutas y jugos de frutas,12,85.02,57,0.17,0.15,14.51,0.6,0.15,10,0,0.34,0.01,0,0.15,3,18,0.04,0.04,0.05,0,31,5,0.15,3,0.01,0,0,2,1
12114,PAPAYA/LECHOSA VERDE,Frutas y jugos de frutas,12,91.6,28,0.8,0.1,6.9,,0.6,41,22,0.3,0.04,0.04,0.2,36,,,,,,,,,,,,,,0.82
12115,PAPAYA DE MONTAÑA,Frutas y jugos de frutas,12,93,24,0.8,0.2,5.4,,0.6,12,14,0.5,0.02,0.03,1,47,,,,,,,,,,,,,,0.75
12116,DURAZNO PRISCO,Frutas y jugos de frutas,12,85,38,0.6,0.1,9.7,,,21,,0.3,0.07,0.01,0.3,10,35,0.06,0.04,0.02,0,202,1,0.14,10,,,,,0.88
12117,PEJIVALLE/PIXBAE,Frutas y jugos de frutas,12,50.5,196,2.6,4.4,41.7,,0.8,14,46,1,0.05,0.16,1.4,35,,,,,,,,,,,,,,0.61
12118,PEPINO DULCE O PERA LIMON,Frutas y jugos de frutas,12,92,32,0.4,1,6.3,,0.3,18,14,0.8,0.08,0.04,0.5,32,28,,,,,,,,,,,,,0.79
12119,"PERA FRUTA CRIOLLA, S/CASCARA",Frutas y jugos de frutas,12,85.6,52,0.2,0.2,13.6,3.1,0.3,6,8,0.5,0.02,0.02,0.22,5,1,0.03,0.03,0.01,0,119,1,0.1,,0.03,0,0,7,0.75
12120,"PERA FRUTA IMPORTADA, S/CASCARA",Frutas y jugos de frutas,12,83.71,58,0.38,0.12,15.46,3.1,0.33,9,11,0.17,0.01,0.03,0.16,4,1,0.03,0.03,0.01,0,119,1,0.1,7,0.03,0,0,7,0.92
12121,"PERA, JUGO ENVASADO SOL&LIQ",Frutas y jugos de frutas,12,86.47,50,0.34,0.07,12.94,1.6,0.19,9,12,0.29,0.01,0.01,0.2,2,0,0.01,0.01,0,0,96,4,0.09,7,0.01,0,0,1,1
12122,"PERA, NECTAR ENVASADO C/VIT C",Frutas y jugos de frutas,12,84.01,60,0.11,0.01,15.76,0.6,0.1,5,3,0.26,0,0.01,0.13,27,0,0,0,0,0,13,4,0.07,3,0.01,0,0,1,1
12123,"PERA FRUTA EN ALMIBAR, ENVASADA SOL&LIQ",Frutas y jugos de frutas,12,80.35,74,0.2,0.13,19.17,1.6,0.15,5,7,0.22,0.01,0.02,0.24,1,0,0.03,0.03,0.01,0,65,5,0.08,4,0.01,0,0,1,1
12124,PERSIMONA/KAKI,Frutas y jugos de frutas,12,80.32,70,0.58,0.19,18.59,3.6,0.33,8,17,0.15,0.03,0.02,0.1,8,81,0.04,0.04,0.02,0,161,1,0.11,9,0.1,0,0,8,0.84
12125,"PIÑA, FRUTA DULCE",Frutas y jugos de frutas,12,85.66,51,0.53,0.11,13.5,1.4,0.2,13,8,0.28,0.08,0.03,0.51,56,3,,,,,108,1,0.12,12,0.11,,0,19,0.52
12126,"PIÑA, JUGO ENVASADO, SOL&LIQ",Frutas y jugos de frutas,12,83.51,60,0.42,0.08,15.7,0.8,0.3,14,6,0.28,0.09,0.02,0.28,10,2,0.01,0.03,0.01,0,122,1,0.1,14,0.07,0,0,5,1
12127,"PIÑA, FRUTA EN ALMIBAR, ENVASADA SOL&LIQ",Frutas y jugos de frutas,12,78.99,78,0.35,0.11,20.2,0.8,0.34,14,7,0.38,0.09,0.03,0.29,7,1,0.01,0.04,0.01,0,104,1,0.12,16,0.07,0,0,5,1
12128,PIÑUELA,Frutas y jugos de frutas,12,87.1,44,1.2,0.2,10.7,,0.8,48,6,0.6,0.06,0.02,0.3,48,,,,,,,,,,,,,,0.52
12129,PITAHAYA ROJA,Frutas y jugos de frutas,12,84.4,54,1.4,0.4,13.2,,0.6,10,26,1.3,0.04,0.04,0.3,8,0,,,,,,,,,,,,,0.64
12130,PLATANO MADURO,Frutas y jugos de frutas,12,65.28,122,1.3,0.37,31.89,2.3,1.17,3,34,0.6,0.05,0.05,0.69,18,56,0.03,0.07,0.14,0,499,4,0.14,37,0.3,0,0,22,0.65
12131,PLATANO VERDE,Frutas y jugos de frutas,12,62.6,132,1.2,0.1,35.3,0.5,0.8,8,40,0.8,0.07,0.04,0.5,28,130,,,,,,,,,,,,,0.66
12132,"PLATANO, HARINA (CREMA DE PLATANO)",Frutas y jugos de frutas,12,,337,3,0.6,80,,,7,18,0,0.07,0.06,1.2,0,0,,,,,,,,,,,,,1
12133,POMELO,Frutas y jugos de frutas,12,89.1,38,0.76,0.04,9.62,1,0.48,4,17,0.11,0.03,0.03,0.22,61,0,,,,0,216,1,0.08,6,0.04,0,,,0.56
12134,SANDIA,Frutas y jugos de frutas,12,91.45,30,0.61,0.15,7.55,0.4,0.25,7,11,0.24,0.03,0.02,0.18,8,28,0.04,0.05,0.02,0,112,1,0.1,10,0.05,0,0,3,0.52
12135,SONCOYA/SINCUYA/ANONA PURPUREA,Frutas y jugos de frutas,12,85,101,0.7,10.5,2.9,,0.9,19,22,1,0.05,0.07,0.8,28,,,,,,,,,,,,,,0.59
12136,SONZAPOTE/SUNZA,Frutas y jugos de frutas,12,67.4,116,1.4,0.5,29.7,,1,11,29,1.7,0.02,0.01,1.5,11,,,,,,,,,,,,,,0.63
12137,TACACO,Frutas y jugos de frutas,12,79.8,72,1.8,0.5,17.1,,0.8,19,46,0.5,0.04,0.1,0.81,22,,,,,,,,,,,,,,0.6
12138,TAMARINDO,Frutas y jugos de frutas,12,31.4,239,2.8,0.6,62.5,5.1,2.7,74,113,2.8,0.43,0.15,1.94,4,2,0.18,0.06,0.27,0,628,28,0.1,92,0.07,0,0,14,0.34
12139,"TORONJA BLANCA, FRUTA",Frutas y jugos de frutas,12,90.48,33,0.69,0.1,8.41,1.1,0.33,12,8,0.06,0.04,0.02,0.27,33,2,0.01,0.02,0.01,0,148,0,0.07,9,0.04,0,0,10,0.49
12140,"TORONJA BLANCA, JUGO NATURAL",Frutas y jugos de frutas,12,90,39,0.5,0.1,9.2,0.1,0.2,9,15,0.2,0.04,0.02,0.2,38,2,0.01,0.02,0.01,0,162,1,0.05,12,0.04,0,0,10,1
12141,"TORONJA, JUGO ENVASADO S/AZUCAR",Frutas y jugos de frutas,12,90.1,38,0.52,0.1,8.96,0.1,0.32,7,11,0.2,0.04,0.02,0.23,29,0,0.01,0.02,0.01,0,153,1,0.09,10,0.02,0,0,10,1
12142,"TORONJA, JUGO ENVASADO C/AZUCAR",Frutas y jugos de frutas,12,87.38,46,0.58,0.09,11.13,0.1,0.82,8,11,0.36,0.04,0.02,0.32,27,0,0.01,0.02,0.01,0,162,2,0.06,10,0.02,0,0,10,1
12143,TUNA/NOPAL,Frutas y jugos de frutas,12,81.4,67,1.1,0.4,16.6,3.6,0.5,57,32,1.2,0.01,0.02,0.3,18,2,0.08,0.21,0.07,0,220,5,0.12,,0.06,0,0,6,0.71
12144,"UVA, FRUTA CRIOLLA",Frutas y jugos de frutas,12,81.6,68,0.6,0.7,16.7,,0.4,12,15,0.9,0.05,0.04,0.5,3,2,0.02,0.13,0.19,0,185,2,0.05,,0.11,0,4,,0.78
12145,"UVA, FRUTA IMPORTADA, TIPO AMERICANO",Frutas y jugos de frutas,12,81.3,67,0.63,0.35,17.15,0.9,0.57,14,10,0.29,0.09,0.06,0.3,4,5,0.01,0.1,0.11,0,191,2,0.04,5,0.11,0,0,4,0.58
12146,"UVA, JUGO ENVASADO S/AZUCAR",Frutas y jugos de frutas,12,84.12,61,0.56,0.08,14.96,0.1,0.29,9,11,0.24,0.03,0.04,0.26,0,0,0,0.02,0.03,0,132,3,0.05,10,0.06,0,0,3,1
12147,"UVA, FRUTA SECA O PASA",Frutas y jugos de frutas,12,15.43,299,3.07,0.46,79.18,3.7,1.85,50,101,1.88,0.11,0.13,0.77,2,0,0.05,0.04,0.06,0,749,11,0.22,32,0.17,0,0,5,1
12148,UVA DE LA PLAYA,Frutas y jugos de frutas,12,79.1,73,1.4,0.3,18.2,,1,54,33,1.2,0.03,0.03,0.6,17,,,,,,,,,,,,,,0.75
12149,UVA SILVESTRE,Frutas y jugos de frutas,12,83.9,57,2,0.4,12.9,,0.8,62,41,2.2,0.04,0.04,1.2,6,,,,,,,,,,,,,,0.78
12150,YUYUGA/JUJUBE/AZUFAIFA,Frutas y jugos de frutas,12,83,59,1.8,0.1,14.5,,0.6,26,27,0.8,0.02,0.04,0.9,66,,,,,,,,,,,,,,0.93
12151,YUPLON/JOCOTE JUDIO,Frutas y jugos de frutas,12,85.5,62,0.5,0.2,13.3,,0.5,27,25,2.5,0.04,0.02,0.26,50,,,,,,,,,,,,,,0.82
12152,ZAPOTE/ZAPOTE MAMEY,Frutas y jugos de frutas,12,65.6,121,1.7,0.4,31.1,2.6,1.2,40,28,1,0.01,0.02,2,22,21,,,,0,344,10,,,,0,,,0.63
12153,ZAPOTILLO/ZAPOTE AMARILLO,Frutas y jugos de frutas,12,60.6,140,2,0.5,35.9,,1,20,42,1,0.02,0.02,3.13,43,,,,,,,,,,,,,,0.62
12154,CEREZA SILVESTRE/CAPULI,Frutas y jugos de frutas,12,77.2,81,1.3,0.2,20.7,,0.6,24,24,0.8,0.04,0.04,1.1,18,26,,,,,,,,,,,,,0.8
12155,"GRANADILLA REAL/BADEA, JUGO",Frutas y jugos de frutas,12,87.9,44,0.9,0.2,10.1,,0.9,10,22,0.6,0,0.11,2.7,20,,,,,,,,,,,,,,1
12156,"COCO, PULPA SECA, HOJUELAS DULCE, ENVASADAS",Frutas y jugos de frutas,12,15.61,474,3.28,32.15,47.59,4.3,1.37,14,100,1.8,0.03,0.02,0.3,0,0,1.37,0.35,28.51,0,316,256,1.75,48,0.26,0,0,8,1
12157,RAMBUTAN O LICHIS SECOS,Frutas y jugos de frutas,12,22.3,277,3.8,1.2,70.7,4.6,2,33,181,1.7,0.01,0.57,3.1,183,0,0.33,0.36,0.27,0,1110,3,0.28,42,0.09,0,0,12,0.54
12158,RAMBUTAN O LICHIS FRESCOS,Frutas y jugos de frutas,12,81.76,66,0.83,0.44,16.53,1.3,0.44,5,31,0.31,0.01,0.06,0.6,72,0,0.12,0.13,0.1,0,171,1,0.07,10,0.1,0,0,14,0.6
12159,"PIÑA, TODA VARIEDAD",Frutas y jugos de frutas,12,86.46,48,0.54,0.12,12.63,1.4,0.24,13,8,0.28,0.08,0.03,0.49,36,3,0.01,0.04,0.01,0,115,1,0.1,12,0.11,0,0,15,0.52
12160,"TORONJA ROSADA, FRUTA",Frutas y jugos de frutas,12,88.06,42,0.77,0.14,10.66,1.6,0.36,22,18,0.08,0.04,0.03,0.2,31,58,0.02,0.04,0.02,0,135,0,0.07,9,0.05,0,0,13,0.51
12161,"TORONJA ROSADA, JUGO NATURAL",Frutas y jugos de frutas,12,90,39,0.5,0.1,9.2,,0.2,9,15,0.2,0.04,0.02,0.2,38,22,0.01,0.02,0.01,0,162,1,0.05,12,0.04,0,0,10,1
13001,"AMARANTO, GRANO SECO","Cereales, granos secos, harinas y pastas",13,9.84,374,14.45,6.51,66.17,9.3,3.04,153,455,7.59,0.08,0.21,1.29,4,0,1.43,2.89,1.66,0,366,21,3.18,266,0.22,0,0,49,1
13002,"ARROZ BLANCO, PULIDO, ENRIQUECIDO","Cereales, granos secos, harinas y pastas",13,12.89,360,6.61,0.58,79.34,1.4,0.58,9,108,4.36,0.58,0.05,5.09,0,0,0.18,0.16,0.16,0,86,1,1.16,35,0.14,0,222,386,1
13003,"ARROZ BLANCO, PULIDO, ENRIQUECIDO, PRECOCIDO","Cereales, granos secos, harinas y pastas",13,8.38,380,7.82,0.94,82.32,1.9,0.53,22,118,6.3,0.93,0.03,7.01,0,0,0.14,0.22,0.15,0,27,10,1.43,14,0.12,0,273,466,1
13004,"ARROZ BLANCO, PULIDO, S/ENRIQUECER","Cereales, granos secos, harinas y pastas",13,12.89,360,6.61,0.58,79.34,,0.58,9,108,0.8,0.07,0.05,1.6,0,,0.18,0.16,0.16,0,86,1,1.16,35,0.14,0,0,9,1
13005,"ARROZ BLANCO, SEMIPULIDO","Cereales, granos secos, harinas y pastas",13,13,361,7.1,1.1,78,,0.8,11,221,1.3,0.16,0.04,2.5,0,0,,,,0,214,9,0.02,,0.3,0,6,,1
13006,ARROZ INTEGRAL,"Cereales, granos secos, harinas y pastas",13,12.37,362,7.5,2.68,76.17,3.4,1.27,33,264,1.8,0.41,0.04,4.31,0,0,0.97,0.96,0.54,0,268,4,2.02,143,0.51,0,0,20,1
13007,"AVENA INSTANTANEA, FORTIFICADA PREPARADA C/AGUA","Cereales, granos secos, harinas y pastas",13,86.32,55,2.32,0.91,9.59,1.6,0.83,56,54,4.34,0.14,0.17,2.03,0,161,0.29,0.33,0.15,0,53,45,0.46,23,0.21,0,38,70,1
13008,AVENA EN HOJUELAS S/FORTIFICAR (MOSH),"Cereales, granos secos, harinas y pastas",13,8.22,389,16.89,6.9,66.27,10.6,1.72,54,523,4.72,0.76,0.14,0.96,0,0,2.18,2.54,1.22,0,429,2,3.97,177,0.12,0,0,56,1
13009,"AVENA INSTANTANEA, FORTIFICADA","Cereales, granos secos, harinas y pastas",13,9.3,369,15.5,6.1,64,10.9,5,357,357,28.93,1.07,1.21,14.29,0,1072,1.92,2.23,1.08,0,354,286,3.07,148,1.43,0,254,464,1
13010,"CEBADA, GRANO ENTERO","Cereales, granos secos, harinas y pastas",13,9.44,354,12.48,2.3,73.48,17.3,2.29,33,264,3.6,0.65,0.28,4.6,0,1,0.29,1.11,0.48,0,452,12,2.77,133,0.32,0,0,19,1
13011,"CEBADA, PERLADA","Cereales, granos secos, harinas y pastas",13,10.09,352,9.91,1.16,77.72,15.6,1.11,29,221,2.5,0.19,0.11,4.6,0,1,0.15,0.56,0.24,0,280,9,2.13,79,0.26,0,0,23,1
13012,"CENTENO, GRANO ENTERO","Cereales, granos secos, harinas y pastas",13,10.95,335,14.76,2.5,69.76,14.6,2.02,33,374,2.67,0.32,0.25,4.27,0,1,0.3,1.12,0.29,0,264,6,3.73,121,0.29,0,0,60,1
13013,"CEREAL DESAYUNO, ALL BRAN","Cereales, granos secos, harinas y pastas",13,2.12,260,13.14,4.9,74.24,29.3,5.6,389,1150,17.6,2.27,2.71,14.8,20,525,0.67,2.11,0.64,0,1020,242,12.4,362,12,18.8,1269,2198,1
13014,"CEREAL DESAYUNO, BRAN FLAKES","Cereales, granos secos, harinas y pastas",13,3.7,320,9.4,2.2,80.4,17.6,4,56,508,27,1.25,1.42,16.67,0,751,0.29,1.02,0.4,0,616,732,5,214,1.67,5,314,553,1
13015,"CEREAL DESAYUNO, CHOCO KRISPIES","Cereales, granos secos, harinas y pastas",13,2.81,381,5.22,2.9,86.05,1.9,3.02,17,102,22.2,1.49,2.27,16,48,492,0.4,0.23,1.99,0,197,635,4.8,38,3.28,6.92,633,1080,1
13016,"CEREAL DESAYUNO, CORN FLAKES","Cereales, granos secos, harinas y pastas",13,3.76,361,6.61,0.59,87.11,2.5,1.93,4,37,29,2.13,2.64,24.4,22,456,0.11,0.32,0.19,0,79,723,0.18,9,3.44,9.47,446,792,1
13017,"CEREAL DESAYUNO, CORN POPS","Cereales, granos secos, harinas y pastas",13,3,378,3.7,0.75,90,0.8,2.55,17,31,6.2,1.2,1.4,16.1,19,462,0.24,0.2,0.18,0,85,386,4.9,7,1.6,4.9,310,546,1
13018,"CEREAL DESAYUNO, FROOT LOOPS","Cereales, granos secos, harinas y pastas",13,2.8,393,5.04,3.1,87.48,2.5,1.58,14,112,20.4,2.25,1.94,24.2,47,467,0.43,0.68,1.52,0,120,501,19,33,3.68,7.07,333,585,1
13019,"CEREAL DESAYUNO, GRANOLA","Cereales, granos secos, harinas y pastas",13,5.41,490,14.87,24.36,52.95,8.6,2.42,78,457,4.25,0.74,0.29,2.12,1,1,7.64,10.71,4.54,0,537,22,4.11,175,0.31,0,0,83,1
13020,"CEREAL DESAYUNO, RICE KRISPIES","Cereales, granos secos, harinas y pastas",13,4.19,387,6.37,1.22,85.5,0.6,2.72,8,99,6.06,2.2,2.25,22.98,24,514,0.26,0.37,0.36,0,110,950,1.16,25,3.27,6.1,454,776,1
13021,"CEREAL DESAYUNO, ZUCARITAS DE MAIZ","Cereales, granos secos, harinas y pastas",13,3,367,3.3,0.52,90.3,3.2,2.88,5,34,14.5,1.2,1.5,16.2,20,517,0.09,0.3,0.17,0,73,479,0.18,8,1.6,5,308,543,1
13022,"CREMA DE ARROZ, HARINA","Cereales, granos secos, harinas y pastas",13,10.5,370,6.3,0.5,82.4,0.7,0.4,24,124,1.3,0.2,0.1,3,0,0,0.16,0.13,0.14,0,143,6,1.12,23,0.19,0,0,29,1
13023,"CREMA DE CEBADA, HARINA (PANAMA)","Cereales, granos secos, harinas y pastas",13,,358,8.7,1.3,76,,,15,43,0,0.51,0.46,4.5,0,0,,,,,,,,,,,,,1
13024,"CREMA DE MAIZ, HARINA (PANAMA)","Cereales, granos secos, harinas y pastas",13,,368,8.2,2.9,75.9,,,6,10,0.6,0.34,0.28,3.4,0,18,,,,,,,,,,,,,1
13025,HARINA DE ARROZ BLANCO,"Cereales, granos secos, harinas y pastas",13,11.89,366,5.95,1.42,80.13,2.4,0.61,10,98,0.35,0.14,0.02,2.59,0,0,0.44,0.38,0.39,0,76,0,0.8,35,0.44,0,0,4,1
13026,HARINA DE CENTENO,"Cereales, granos secos, harinas y pastas",13,9.85,354,9.39,1.77,77.49,14.6,1.5,24,207,2.12,0.29,0.11,1.73,0,0,0.21,0.77,0.2,0,340,3,1.99,75,0.27,0,0,19,1
13027,HARINA DE CEREALES MIXTOS,"Cereales, granos secos, harinas y pastas",13,9.2,376,7.7,2.3,79.4,,1.4,47,163,7.7,0.15,0.1,4.91,,,,,,,,,,,,,,,1
13028,CSB CORN SOY BLEND (PL 480),"Cereales, granos secos, harinas y pastas",13,9.7,376,17.2,6.9,61.7,9,1.8,831,206,17.49,0.53,0.48,6.23,40,784,,,,,634,7,5,174,,1,,,1
13029,WSB WHEAT SOY BLEND (PL 480),"Cereales, granos secos, harinas y pastas",13,8.8,355,21.5,5.9,46.9,13.18,2,842,294,17.85,0.54,0.5,8.19,40,698,,,,,694,14,5.5,227,0.47,1,,,1
13030,CSM CORN SOY MILK (PL 480),"Cereales, granos secos, harinas y pastas",13,8.43,375,21.35,6.76,57.84,7.89,2.9,1020,339,17.54,0.59,0.71,6.37,41,846,,,,,879,87,5.51,184,0.51,1.6,,,1
13031,HARINA DE MAIZ AMARILLO NO TRATADO,"Cereales, granos secos, harinas y pastas",13,10.91,361,6.93,3.86,76.85,9.6,1.45,7,272,2.38,0.25,0.08,1.9,0,0,1.02,1.76,0.54,0,315,5,1.73,93,0.37,0,0,25,1
13032,HARINA DE MAIZ BLANCO NO TRATADO,"Cereales, granos secos, harinas y pastas",13,10.91,361,6.93,3.86,76.85,13.4,1.45,7,272,2.38,0.25,0.08,1.9,0,11,1.02,1.76,0.54,0,315,5,1.73,93,0.37,0,0,25,1
13033,"HARINA DE MAIZ NIXTAMALIZADO, MASA SECA","Cereales, granos secos, harinas y pastas",13,9.03,365,9.34,3.78,76.27,9.6,1.57,141,223,7.21,1.43,0.75,9.84,0,0,1,1.72,0.53,0,298,5,1.78,110,0.37,0,209,380,1
13034,"HARINA DE MAIZ AMARILLO PILADO, S/ENRIQUECER","Cereales, granos secos, harinas y pastas",13,11.59,366,8.48,1.65,77.68,7.4,0.6,5,84,1.1,0.14,0.05,1,0,11,0.41,0.71,0.22,0,162,3,0.72,40,0.26,0,0,48,1
13035,"HARINA DE MAIZ AMARILLO PILADO, ENRIQUECIDA","Cereales, granos secos, harinas y pastas",13,11.59,366,8.48,1.65,77.68,7.4,0.6,5,84,4.13,0.71,0.41,5.03,0,11,0.41,0.71,0.22,0,162,3,0.72,40,0.26,0,185,363,1
13036,"HARINA DE MAIZ BLANCO PILADO, S/ENRIQUECER","Cereales, granos secos, harinas y pastas",13,11.59,366,8.48,1.65,77.68,7.4,0.6,5,84,1.1,0.14,0.05,1,0,0,0.41,0.71,0.22,0,162,3,0.72,40,0.26,0,0,48,1
13037,"HARINA DE MAIZ BLANCO PILADO, ENRIQUECIDA","Cereales, granos secos, harinas y pastas",13,11.59,366,8.48,1.65,77.68,7.4,0.6,5,84,4.13,0.71,0.41,5.03,0,0,0.41,0.71,0.22,0,162,3,0.72,40,0.26,0,185,363,1
13038,"HARINA DE TRIGO, S/ENRIQUECER, TODO USO","Cereales, granos secos, harinas y pastas",13,11.92,364,10.33,0.98,76.31,2.7,0.47,15,108,1.17,0.12,0.04,1.25,0,0,0.09,0.41,0.16,0,107,2,0.7,22,0.04,0,0,26,1
13039,"HARINA DE TRIGO ENRIQUECIDA,  TODO USO","Cereales, granos secos, harinas y pastas",13,11.92,364,10.33,0.98,76.31,2.7,0.47,15,108,4.64,0.79,0.49,5.9,0,0,0.09,0.41,0.16,0,107,2,0.7,22,0.04,0,154,291,1
13040,"HARINA DE TRIGO S/ENRIQUECER,  PARA PAN","Cereales, granos secos, harinas y pastas",13,13.36,361,11.98,1.66,72.53,2.4,0.47,15,97,0.9,0.08,0.06,1,0,0,0.14,0.73,0.24,0,100,2,0.85,25,0.04,0,0,33,1
13041,"HARINA DE TRIGO ENRIQUECIDA,  PARA PAN","Cereales, granos secos, harinas y pastas",13,13.36,361,11.98,1.66,72.53,2.4,0.47,15,97,4.41,0.81,0.51,7.55,0,0,0.14,0.73,0.24,0,100,2,0.85,25,0.04,0,150,288,1
13042,"HARINA DE TRIGO ENRIQUECIDA,  PARA REPOSTERIA","Cereales, granos secos, harinas y pastas",13,12.51,362,8.2,0.86,78.03,1.7,0.39,14,85,7.32,0.89,0.43,6.79,0,0,0.07,0.38,0.13,0,105,2,0.62,16,0.03,0,138,282,1
13043,HARINA DE TRIGO C/SOYA 12% (PL 480),"Cereales, granos secos, harinas y pastas",13,,355,16.5,1.4,,,,211,,4.8,0.66,0.36,4.6,0,,,,,,,,,,,,,,1
13044,MAICENA O ALMIDON DE MAIZ,"Cereales, granos secos, harinas y pastas",13,13.5,357,0.6,0.2,85.6,0.9,0.1,8,16,,0,0.02,0,0,0,0.02,0.03,0.01,0,3,9,0.06,,0,0,0,0,1
13045,"MAICILLO O SORGO, GRANO ENTERO","Cereales, granos secos, harinas y pastas",13,10,342,8.8,3.2,76.3,6.3,1.7,19,299,3.7,0.41,0.12,3.2,0,0,0.99,1.37,0.46,0,350,6,,,,0,,,1
13046,"MAIZ SALPOR,  GRANO ENTERO","Cereales, granos secos, harinas y pastas",13,12.2,360,5.8,4.1,76.8,,1.2,5,241,1.4,0.44,0.08,2.09,,,,,,,,,,,,,,,1
13047,"MAIZ AMARILLO, GRANO ENTERO, CRUDO","Cereales, granos secos, harinas y pastas",13,10.37,365,9.42,4.74,74.26,7.3,1.2,7,210,2.71,0.38,0.2,3.63,0,11,1.25,2.16,0.67,0,287,35,2.21,127,0.62,0,0,19,1
13048,"MAIZ AMARILLO, GRANO PILADO O TRILLADO, CRUDO","Cereales, granos secos, harinas y pastas",13,12,356,8.4,1.2,77.8,,0.6,5,99,1.1,0.18,0.08,0.6,,90,,,,,,,,,,,,,1
13049,"MAIZ AMARILLO, GRANO PILADO, COCIDO","Cereales, granos secos, harinas y pastas",13,64.9,140,2.7,0.7,31.6,,0.1,31,26,1,0.03,0.02,0.29,,,,,,,,,,,,,,,1
13050,"MAIZ BLANCO O NEGRO,  GRANO ENTERO, CRUDO","Cereales, granos secos, harinas y pastas",13,10.37,365,9.42,4.74,74.26,,1.2,7,210,2.71,0.38,0.2,3.63,0,0,1.25,2.16,0.67,0,287,35,2.21,127,0.62,0,,,1
13051,"MAIZ BLANCO, GRANO PILADO O TRILLADO, CRUDO","Cereales, granos secos, harinas y pastas",13,25,303,8.7,0.9,65.1,,0.3,4,71,2,0.2,0.03,1.1,0,0,,,,,,,,,,,,,1
13052,"MAIZ BLANCO, GRANO PILADO, COCIDO","Cereales, granos secos, harinas y pastas",13,63.1,148,2.9,0.9,32.9,,0.2,47,35,1,0.05,0.02,0.55,,,,,,,,,,,,,,,1
13053,"MAIZ ROJO, GRANO ENTERO, CRUDO","Cereales, granos secos, harinas y pastas",13,8,377,6.7,4.4,79.9,,1,6,182,1.7,0.38,0.09,1.31,,1,1.3,2.5,0.6,0,284,1,,,,,,,1
13054,"MASA HUMEDA, DE MAIZ AMARILLO C/CAL","Cereales, granos secos, harinas y pastas",13,62.2,189,4.4,2.2,38.5,,,88,,1.7,0.17,0.05,0.8,0,6,0.6,1.2,0.2,0,,,,,,,,,1
13055,"MASA HUMEDA, DE MAIZ BLANCO C/CAL","Cereales, granos secos, harinas y pastas",13,62.2,154,3.5,1.9,31.8,,,70,,1.6,0.13,0.04,0.6,0,0,0.5,1,0.2,0,,,,,,,,,1
13056,MIGA DE PAN O PAN RALLADO,"Cereales, granos secos, harinas y pastas",13,6.51,395,13.35,5.3,71.98,4.5,2.87,183,165,4.83,0.97,0.4,6.63,0,0,1.02,2.06,1.2,0,196,732,1.45,43,0.12,0.35,82,164,1
13057,"PASTA S/ENRIQUECER, CRUDA","Cereales, granos secos, harinas y pastas",13,9.9,371,13.04,1.51,74.67,3.2,0.88,18,150,1.3,0.09,0.06,1.7,0,0,0.17,0.56,0.28,0,162,5,1.26,53,0.14,0,0,18,1
13058,"PASTA S/ENRIQUECER, COCIDA S/SAL","Cereales, granos secos, harinas y pastas",13,62.13,158,5.8,0.93,30.86,1.8,0.27,7,58,0.5,0.02,0.02,0.4,0,0,0.13,0.32,0.18,0,45,1,0.5,18,0.05,0,0,7,1
13059,"PASTA S/ENRIQUECER, COCIDA C/SAL","Cereales, granos secos, harinas y pastas",13,62.13,157,5.8,0.93,30.59,1.8,0.55,7,58,0.5,0.02,0.02,0.4,0,0,0.13,0.32,0.18,0,45,128,0.5,18,0.05,0,0,7,1
13060,"PASTA ENRIQUECIDA, CRUDA","Cereales, granos secos, harinas y pastas",13,9.9,371,13.04,1.51,74.67,3.2,0.88,18,150,3.52,0.89,0.4,7.18,0,0,0.17,0.56,0.28,0,162,5,1.26,53,0.14,0,219,391,1
13061,"PASTA ENRIQUECIDA, COCIDA S/SAL","Cereales, granos secos, harinas y pastas",13,62.13,158,5.8,0.93,30.86,1.8,0.27,7,58,1.33,0.27,0.14,1.69,0,0,0.13,0.32,0.18,0,45,1,0.5,18,0.05,0,66,119,1
13062,"PASTA ENRIQUECIDA, COCIDA C/SAL","Cereales, granos secos, harinas y pastas",13,62.13,157,5.8,0.93,30.59,1.8,0.55,7,58,1.33,0.27,0.14,1.69,0,0,0.13,0.32,0.18,0,45,128,0.5,18,0.05,0,66,119,1
13063,"PASTA C/ESPINACA, CRUDA","Cereales, granos secos, harinas y pastas",13,8.34,372,13.35,1.57,74.81,10.6,1.93,58,332,2.13,0.37,0.2,4.55,0,23,0.18,0.64,0.23,0,376,36,2.76,174,0.32,0,0,48,1
13064,"PASTA C/ESPINACA, COCIDA","Cereales, granos secos, harinas y pastas",13,68.14,130,4.58,0.63,26.15,,0.5,30,108,1.04,0.1,0.1,1.53,0,8,0.07,0.26,0.09,0,58,14,1.08,62,0.1,0,0,12,1
13065,"PASTA C/HUEVO S/ENRIQUECER,  RUDA","Cereales, granos secos, harinas y pastas",13,9.01,384,14.16,4.44,71.27,3.3,1.12,35,241,1.9,0.17,0.09,2.1,0,17,1.25,1.33,1.18,84,244,21,1.92,58,0.22,0.29,0,29,1
13066,"PASTA C/HUEVO S/ENRIQUECER, COCIDA S/SAL","Cereales, granos secos, harinas y pastas",13,67.73,138,4.54,2.07,25.16,1.2,0.5,12,76,0.6,0.03,0.02,0.4,0,6,0.58,0.55,0.42,29,38,5,0.65,21,0.05,0.09,0,7,1
13067,"PASTA C/HUEVO S/ENRIQUECER, COCIDA C/SAL","Cereales, granos secos, harinas y pastas",13,67.73,138,4.54,2.07,25.16,1.2,0.5,12,76,0.6,0.03,0.02,0.4,0,6,0.58,0.55,0.42,29,38,165,0.65,21,0.05,0.09,0,7,1
13068,"PASTA C/HUEVO ENRIQUECIDA, CRUDA","Cereales, granos secos, harinas y pastas",13,9.01,384,14.16,4.44,71.27,3.3,1.12,35,241,4.01,1.13,0.43,8.39,0,17,1.25,1.33,1.18,84,244,21,1.92,58,0.22,0.29,201,370,1
13069,"PASTA C/HUEVO ENRIQUECIDA, COCIDA S/SAL","Cereales, granos secos, harinas y pastas",13,67.73,138,4.54,2.07,25.16,1.2,0.5,12,76,1.47,0.29,0.14,2.08,0,6,0.58,0.55,0.42,29,38,5,0.65,21,0.05,0.09,77,138,1
13070,"PASTA C/HUEVO ENRIQUECIDA, COCIDA C/SAL","Cereales, granos secos, harinas y pastas",13,67.73,138,4.54,2.07,25.16,1.2,0.5,12,76,1.47,0.29,0.14,2.08,0,6,0.58,0.55,0.42,29,38,165,0.65,21,0.05,0.09,77,138,1
13071,"PASTA C/HUEVO Y ESPINACA, ENRIQUECIDA,  CRUDA","Cereales, granos secos, harinas y pastas",13,8.72,382,14.61,4.55,70.32,6.8,1.79,56,193,4.2,1.09,0.48,6.57,0,,1.43,1.01,1.05,95,355,72,1.83,82,0.41,0.4,157,354,1
13072,SEMOLINA ENRIQUECIDA,"Cereales, granos secos, harinas y pastas",13,12.67,360,12.68,1.05,72.83,3.9,0.77,17,136,4.36,0.81,0.57,5.99,0,0,0.12,0.43,0.15,0,186,1,1.05,47,0.1,0,111,261,1
13073,"PASTA ENLATADA, MACARRONES  C/QUESO","Cereales, granos secos, harinas y pastas",13,81.39,82,3.38,2.46,11.52,0.5,1.25,35,47,0.9,0.1,0.11,1.18,0,17,0.6,0.3,0.88,6,84,421,0.45,9,0.04,0.15,11,22,1
13074,"PASTA ENLATADA, SPAGHETTI  C/TOMATE&CARNE","Cereales, granos secos, harinas y pastas",13,77.09,104,3.78,3.6,14.19,0.9,1.34,7,,0.74,,,,0,,1.53,0.16,1.61,9,,392,,,,,,,1
13075,PINOL SIMPLE,"Cereales, granos secos, harinas y pastas",13,9,370,11.2,5.4,72.9,,1.5,3,73,0.9,0.09,0.18,2.54,,0,1.8,3.3,0.6,0,,,,,,,,,1
13076,PINOL C/CACAO,"Cereales, granos secos, harinas y pastas",13,4.5,418,9.5,12,72.3,,1.7,34,260,4.8,0.1,0.29,2.83,,,,,,,,,,,,,,,1
13077,PINOLILLO,"Cereales, granos secos, harinas y pastas",13,8.5,400,10.1,11.7,68,,1.7,18,328,5.5,0.01,0.23,2.29,,,,,,,,,,,,,,,1
13078,"BULGUR, COCIDO","Cereales, granos secos, harinas y pastas",13,77.76,83,3.08,0.24,18.58,4.5,0.34,10,40,0.96,0.06,0.03,1,0,0,0.03,0.1,0.04,0,68,5,0.57,32,0.08,0,0,18,1
13079,TRIGO GRANO SUAVE,"Cereales, granos secos, harinas y pastas",13,12.17,331,10.35,1.56,74.24,12.5,1.68,27,493,3.21,0.39,0.1,4.8,0,0,0.18,0.66,0.29,0,397,2,2.63,126,0.27,0,0,41,1
13080,TRIGO GRANO DURO,"Cereales, granos secos, harinas y pastas",13,13.1,327,12.61,1.54,71.18,12.2,1.57,29,288,3.19,0.38,0.12,5.46,0,0,0.2,0.63,0.27,0,363,2,2.65,126,0.3,0,0,38,1
13081,"TRIGOR O BULGUR, CRUDO","Cereales, granos secos, harinas y pastas",13,9,342,12.29,1.33,75.87,18.3,1.51,35,300,2.46,0.23,0.12,5.11,0,0,0.17,0.54,0.23,0,410,17,1.93,164,0.34,0,0,27,1
13082,"NIXTAMAL, MAIZ AMARILLO","Cereales, granos secos, harinas y pastas",13,47.12,260,6.16,3.08,53.88,,1.4,123,127,2.38,0.24,0.07,1.12,0,8,,,,,,,,,,,,,1
13083,"NIXTAMAL, MAIZ BLANCO","Cereales, granos secos, harinas y pastas",13,47.12,215,4.9,2.66,44.5,,0.84,98,127,2.24,0.18,0.06,0.84,0,3,,,,,,,,,,,,,1
13084,"POLENTA O CREMA DE MAIZ, NO ENRIQUECIDA,  POLVO","Cereales, granos secos, harinas y pastas",13,10,371,8.8,1.2,79.6,1.6,0.4,2,73,1,0.13,0.04,1.2,0,0,0.3,0.52,0.16,0,137,1,0.41,27,0.15,0,0,5,1
13085,"POLENTA O CREMA DE MAIZ, ENRIQUECIDA,  POLVO","Cereales, granos secos, harinas y pastas",13,10,371,8.8,1.2,79.6,1.6,0.4,2,73,3.91,0.64,0.38,4.96,0,0,0.3,0.52,0.16,0,137,1,0.41,27,0.15,0,200,345,1
13086,CORAZON DE TRIGO,"Cereales, granos secos, harinas y pastas",13,12.67,360,12.68,1.05,72.83,3.9,0.77,17,136,4.36,0.81,0.57,5.99,0,0,0.12,0.43,0.15,0,186,1,1.05,47,0.1,0,111,261,1
13087,"TRIGO, GERMEN DE, CRUDO","Cereales, granos secos, harinas y pastas",13,11.12,360,23.15,9.72,51.8,13.2,4.21,39,842,6.26,1.88,0.5,6.81,0,0,1.37,6.01,1.66,0,892,12,12.29,239,1.3,0,0,281,1
13088,HARINA PARA PANCAKES (C/ MANTEQUILLA&LECHE),"Cereales, granos secos, harinas y pastas",13,9.1,355,10,1.7,73.6,5.4,5.6,342,627,3.05,0.61,0.37,3.76,0,0,0.32,0.73,0.25,0,191,1310,0.84,31,0.18,0,127,225,1
13089,"AVENA INSTANTANEA, C/BANANO","Cereales, granos secos, harinas y pastas",13,6.68,368,8.85,4.75,75.86,6.4,3.83,268,308,9.95,0.8,0.91,10.73,1,806,1.71,1.41,0.79,0,284,700,2.05,93,1.07,0,192,349,1
13090,"AVENA INSTANTANEA, C/ESPECIES Y CANELA","Cereales, granos secos, harinas y pastas",13,6.56,370,8.59,4.67,76.97,6.6,3.19,239,300,8.6,0.71,0.81,9.56,0,718,1.67,1.38,0.87,0,251,535,2,89,0.95,0,168,309,1
13091,"AVENA INSTANTANEA, C/FRUTA&CREMA","Cereales, granos secos, harinas y pastas",13,6.39,386,7.99,7.52,74.72,5.8,3.37,314,298,11.31,0.94,1.06,12.57,0,944,2.38,1.28,1.59,0,283,509,1.73,80,1.25,0.05,228,411,1
13092,"AVENA INSTANTANEA, C/MANZANA Y CANELA","Cereales, granos secos, harinas y pastas",13,6.3,365,8,4.39,77.92,7.9,3.36,314,278,11.31,0.94,1.07,12.6,1,946,1.51,1.26,0.73,0,318,480,1.86,81,1.26,0,229,412,1
13093,"AVENA INSTANTANEA, C/MIEL","Cereales, granos secos, harinas y pastas",13,6.46,389,9.29,8.37,72.58,6.4,3.28,244,311,8.8,0.73,0.83,9.77,0,734,2.14,4.2,1.15,0,267,547,2.09,95,0.97,0,173,316,1
13094,"AVENA INSTANTANEA, C/SABOR DE VAINILLA","Cereales, granos secos, harinas y pastas",13,6.88,369,9.05,4.93,75.73,6.8,3.39,256,317,9.2,0.76,0.87,10.23,0,768,1.77,1.47,0.89,0,263,572,2.1,93,1.02,0,182,332,1
13095,"CEREAL DESAYUNO, BANANO&NUECES (BANANA NUT CRUNCH)","Cereales, granos secos, harinas y pastas",13,4.5,422,8.5,10.3,74,6.8,2.5,36,310,27.46,0.64,0.72,8.47,0,,,,1.4,0,290,428,2.54,82,0.85,2.54,150,274,1
13096,"CEREAL DESAYUNO, COMPLETE /KOMPLETE","Cereales, granos secos, harinas y pastas",13,3,318,10,2,79,17.5,6,53,540,62,5.4,5.9,69,207,1294,0.5,1.1,0.4,0,590,715,52.5,140,7,20.7,1371,2350,1
13097,"CEREAL DESAYUNO, COMPLETE /KOMPLETE, MIEL Y PASAS","Cereales, granos secos, harinas y pastas",13,4.26,465,10.32,17.9,65.74,8.3,1.78,110,306,2.5,0.34,0.36,1.85,3,1,6.79,2.3,6.97,2,504,51,1.88,108,2.84,0,0,38,1
13098,"CEREAL DESAYUNO, CORN FLAKES c/MIEL","Cereales, granos secos, harinas y pastas",13,3,385,6.8,1.9,87,3.4,2.1,22,60,6.2,1.25,1.5,16.6,20,502,1,0.6,0.3,0,102,700,0.3,22,1.7,5,314,553,1
13099,"CEREAL DESAYUNO, FROOT LOOPS c/MARSHMALLOW","Cereales, granos secos, harinas y pastas",13,2.5,394,4.1,2.4,89.9,1.5,1.2,11,57,15,1.25,1.42,17,50,516,0.5,0.6,1.3,0,85,359,5,24,1.7,5,320,563,1
13100,"CEREAL DESAYUNO, GRANOLA c/FRUTAS","Cereales, granos secos, harinas y pastas",13,6.72,386,8,4.6,80,5,2.11,36,273,2,0.16,0.06,1.72,0,0,2.12,1.14,0.85,0,279,376,1.1,44,0.11,0,0,13,1
13101,"CEREAL DESAYUNO, GRANOLA c/PASAS","Cereales, granos secos, harinas y pastas",13,3.5,366,8,5,80,5,3.5,42,234,3,0.63,0.7,8.3,6,375,2.4,0.9,1.1,0,300,246,6.3,75,3.3,10,653,1129,1
13102,"CEREAL DESAYUNO, GRANOLA c/MIEL","Cereales, granos secos, harinas y pastas",13,2.18,455,10.6,18.83,66.43,7.3,1.93,119,343,2.58,0.32,0.27,2.01,1,1,4.47,1.89,8.25,2,495,48,2.36,111,0.18,0.25,0,36,1
13103,"CEREAL DESAYUNO, NESQUICK CHOCOLATE","Cereales, granos secos, harinas y pastas",13,2.04,407,5,5.4,85,0,3.05,333,133,15,1.25,1.42,16.7,20,501,,,1.3,0,223,615,12.5,27,1.67,5,314,553,1
13104,"CREMA DE TRIGO, HARINA","Cereales, granos secos, harinas y pastas",13,10.9,370,10.5,1.5,76.5,3.8,0.6,303,115,28.6,0.5,0.2,4.2,0,0,0.2,0.83,0.24,0,120,7,0.88,27,0.11,0,87,182,1
13105,"CREMA DE TRIGO, HARINA INSTANTANEA","Cereales, granos secos, harinas y pastas",13,10.4,366,10.6,1.4,75.5,3.3,2.1,357,103,28.6,1.34,1.21,17.86,0,1341,0.19,0.77,0.22,0,115,15,0.98,34,1.79,0,323,583,1
13106,FIDEOS PARA CHOW MEIN,"Cereales, granos secos, harinas y pastas",13,0.73,527,8.38,30.76,57.54,3.9,2.6,20,161,4.73,0.58,0.42,5.95,0,0,7.69,17.33,4.38,0,120,439,1.4,52,0.11,0,68,138,1
13107,SEMOLINA NO ENRIQUECIDA,"Cereales, granos secos, harinas y pastas",13,12.67,360,12.68,1.05,72.83,3.9,0.77,17,136,1.23,0.28,0.08,3.31,0,0,0.12,0.43,0.15,0,186,1,1.05,47,0.1,0,0,72,1
13108,"PASTA ENLATADA, SPAGHETTI  C/CARNE","Cereales, granos secos, harinas y pastas",13,78.24,107,4.17,5.1,11.11,,1.38,12,4,1.31,0.09,0.11,1.99,,,2.22,0.36,1.98,9,141,406,0.6,14,0.06,0.28,,,1
13109,"BULGUR, CRUDO (PL 480)","Cereales, granos secos, harinas y pastas",13,9,342,12.3,1.3,75.9,18.3,1.5,110,300,2.9,0.44,0.26,3.53,0,662,,,,,410,17,1.9,164,0.3,0,,,1
13110,HARINA DE MAIZ   (PL 480 ),"Cereales, granos secos, harinas y pastas",13,11.6,366,8.5,1.7,77.7,7.4,0.6,110,84,2.9,0.44,0.26,3.53,0,662,,,,,162,3,0.7,40,0.3,0,,,1
13111,"HARINA DE MAIZ C/SOYA, FORTIFICADA, (PL480)","Cereales, granos secos, harinas y pastas",13,10.94,360,14.9,1.6,71.1,8.92,1.4,110,173,2.9,0.44,0.26,3.53,0,662,,,,,495,6,1,78,0.3,0,,,1
13112,WSM WHEAT SOY AND MILK (PL 480),"Cereales, granos secos, harinas y pastas",13,7.92,358,25.08,5.82,43.31,10.44,2.96,1031,394,17.9,0.6,0.73,8.33,41,699,,,,,92,902,5.83,219,0.48,1.6,,,1
14001,"GALLETAS DULCES,  CONOS PARA HELADO","Galletas, panes, tortillas y similares",14,5.3,417,8.1,6.9,79,3,0.7,25,97,3.6,0.25,0.35,4.43,0,0,1.85,3.26,1.22,0,112,143,0.67,26,0.03,0,168,291,1
14002,"GALLETAS DULCES,  SIMPLES TIPO MARIA","Galletas, panes, tortillas y similares",14,4.8,478,5.1,21.1,67.9,0.8,1.2,21,80,2.14,0.23,0.21,2.69,0,26,11.84,2.66,5.43,51,63,357,0.43,12,0.06,0.19,42,82,1
14003,"GALLETAS DULCES,  SIMPLES C/RELLENO","Galletas, panes, tortillas y similares",14,2.2,483,4.5,20,72.1,1.5,1.2,27,75,2.21,0.26,0.24,2.69,0,0,8.44,7.55,2.98,0,91,349,0.4,14,0.02,0,46,82,1
14004,"GALLETAS DULCES,  DE CHOCOLATE","Galletas, panes, tortillas y similares",14,4.5,433,6.6,14.2,72.4,3.4,2,31,132,4.01,0.2,0.27,2.86,0,3,4.86,4.15,4.24,2,210,580,1.09,53,0.05,0.09,50,96,1
14005,"GALLETAS DULCES,  DE CHOCOLATE C/RELLENO","Galletas, panes, tortillas y similares",14,2.22,466,5.33,19.08,71.64,2.9,1.74,21,92,3.93,0.16,0.14,2.67,0,0,10.63,2.26,3.68,0,187,483,0.98,48,0,0.03,48,87,1
14006,"GALLETAS DULCES,  TIPO WAFLE","Galletas, panes, tortillas y similares",14,5.1,441,5,15.2,73.6,1.9,1.1,48,104,2.38,0.28,0.32,3.11,0,8,6.54,3.89,3.84,51,97,312,0.36,14,0.07,0.13,51,96,1
14007,"GALLETAS DULCES,  TIPO WAFLE C/RELLENO","Galletas, panes, tortillas y similares",14,1,511,4.1,24.3,70.1,0.6,0.5,18,56,1.95,0.1,0.2,2.43,0,0,10.33,9.16,3.62,0,59,147,0.35,11,0.01,0,45,84,1
14008,"GALLETAS DULCES,  ALTO VALOR NUTRITIVO","Galletas, panes, tortillas y similares",14,5,500,7,2.78,,,1.5,,,26.79,1.79,2.14,23.21,,1875,,,,,,,,,,,,,1
14009,"GALLETAS DE SODA,  S/SAL","Galletas, panes, tortillas y similares",14,4.1,434,9.2,11.8,71.5,3,3.3,119,105,5.4,0.56,0.46,5.25,0,0,6.42,1.68,2.93,0,128,766,0.77,27,0.04,0,93,189,1
14010,"GALLETAS DE SODA,  C/SAL","Galletas, panes, tortillas y similares",14,5.03,428,9.22,11.35,70.91,3,3.49,68,101,5.64,0.09,0.45,5.25,0,0,7,1.25,1.66,0,154,1072,0.83,22,0.09,0,108,215,1
14011,"GALLETAS DE SODA,  TIPO COCKTAIL","Galletas, panes, tortillas y similares",14,3.5,502,7.4,25.3,61,1.6,2.8,120,228,3.6,0.41,0.34,4.05,0,0,10.64,9.55,3.78,0,133,847,0.68,27,0.05,0,76,143,1
14012,HOJALDRE  DE PANAMA,"Galletas, panes, tortillas y similares",14,9.5,474,8.3,21.8,60.1,,0.3,13,69,2.3,0.35,0.21,2.8,0,0,,,,,,,,,,,,,1
14013,"LEVADURA PARA PAN, PASTILLAS","Galletas, panes, tortillas y similares",14,69,105,8.4,1.9,18.1,8.1,1.8,19,336,3.25,1.88,1.13,12.3,0,0,1.05,0,0.24,0,601,30,9.97,40,0.43,0.01,0,785,1
14014,PAN DE ARROZ O QUESADILLA,"Galletas, panes, tortillas y similares",14,14.1,369,4.2,5.1,75,,1.6,44,153,2.2,0.05,0.08,0.57,0,,,,,,,,,,,,,,1
14015,PAN DE CENTENO,"Galletas, panes, tortillas y similares",14,35,261,9.2,0.7,53.4,5.8,1.7,38,178,2.8,0.19,0.08,1.1,0,0,1.31,0.8,0.63,0,166,660,1.14,,0.08,0,59,151,1
14016,PAN DE MAIZ O MARQUESOTE,"Galletas, panes, tortillas y similares",14,18.6,365,7.8,7.8,65.1,,0.7,46,131,2.8,0.09,0.21,0.34,0,,,,,,,,,,,,,,1
14017,PAN DE MAIZ SALPOR,"Galletas, panes, tortillas y similares",14,8.9,391,1.2,6.7,82.2,,1,54,71,3.2,0.02,0.02,0.23,0,,,,,,,,,,,,,,1
14018,PAN DE MAIZ NUEVO (PANAMA),"Galletas, panes, tortillas y similares",14,,108,3.5,0.3,23.7,,,10,102,6.7,0.16,0.07,1.3,6,10,,,,,,,,,,,,,1
14019,"PAN BLANCO, TIPO HAMBURGUESA-HOT DOG","Galletas, panes, tortillas y similares",14,34.7,279,9.5,4.33,49.45,2.1,2.02,138,62,3.32,0.4,0.32,4.15,0,0,1.11,1.97,1.09,0,94,479,0.66,21,0.07,0.2,84,170,1
14020,"PAN BLANCO, TIPO BOLLO C/LECHE","Galletas, panes, tortillas y similares",14,35.3,285,7.9,5.7,49.6,2,1.5,57,115,2.97,0.41,0.38,3.59,0,22,1.3,2.78,1.18,3,146,359,0.64,19,0.05,0.08,49,125,1
14021,"PAN BLANCO, DE RODAJA O CUADRADO, SUAVE","Galletas, panes, tortillas y similares",14,36.44,266,7.64,3.29,50.61,2.4,2.03,151,99,3.74,0.46,0.33,4.39,0,0,0.68,1.36,0.72,0,100,681,0.74,23,0.08,0,86,171,1
14022,"PAN BLANCO, DE RODAJA O CUADRADO, TOSTADO","Galletas, panes, tortillas y similares",14,30.4,293,9,4,54.4,2.5,2.1,119,103,3.33,0.41,0.34,3.93,0,0,0.8,2.09,0.58,1,131,592,0.68,26,0.06,0.02,78,159,1
14023,PAN DULCE DE COSTA RICA,"Galletas, panes, tortillas y similares",14,22.3,315,7.7,4.1,65.9,,1.2,262,178,6.5,0.85,0,2.7,0,0,,,,,,,,,,,,,1
14024,PAN DULCE DE EL SALVADOR,"Galletas, panes, tortillas y similares",14,15.9,366,4.6,5.8,72.5,,1.2,51,132,2.3,0.09,0.07,0.93,0,,,,,,,,,,,,,,1
14025,PAN DULCE DE GUATEMALA,"Galletas, panes, tortillas y similares",14,16.6,377,6.9,9.8,65.4,,1.3,51,182,4.6,0.13,0.18,0.42,0,1,,,,,,,,,,,,,1
14026,PAN DULCE DE HONDURAS,"Galletas, panes, tortillas y similares",14,41.3,257,9.1,4.3,44.7,,0.6,34,133,2.9,0.06,0.11,1.25,0,,,,,,,,,,,,,,1
14027,PAN DULCE DE NICARAGUA,"Galletas, panes, tortillas y similares",14,17.8,340,9.3,1.2,71,,0.7,37,45,1.6,0.06,0.15,1.16,,,,,,,,,,,,,,,1
14028,PAN DULCE DE PANAMA,"Galletas, panes, tortillas y similares",14,41.3,257,9.1,4.3,44.7,,0.6,34,133,2.9,0.06,0.11,1.2,0,0,,,,,,,,,,,,,1
14029,PAN DULCE DE COCO,"Galletas, panes, tortillas y similares",14,14.3,378,9.8,6.7,68.5,,0.7,43,106,4,0.1,0.02,1.08,,,,,,,,,,,,,,,1
14030,PAN DULCE DE YEMA,"Galletas, panes, tortillas y similares",14,18.9,343,4.8,3.1,72.3,,0.9,44,142,1.5,0.17,0.05,0.78,2,,,,,,,,,,,,,,1
14031,PAN DULCE DE HUEVO,"Galletas, panes, tortillas y similares",14,,223,10.8,6.1,31.1,,,45,152,2.1,0.1,0.24,0.7,0,129,,,,,,,,,,,,,1
14032,PAN FRANCES DE COSTA RICA,"Galletas, panes, tortillas y similares",14,39.6,243,8.2,0.7,49.5,,2,28,51,2.2,0.08,0.04,0.96,0,,,,,,,,,,,,,,1
14033,PAN FRANCES DE EL SALVADOR,"Galletas, panes, tortillas y similares",14,19,330,11.5,0.4,67.9,,1.2,36,100,2.1,0.08,0.06,1.06,0,,,,,,,,,,,,,,1
14034,PAN FRANCES DE GUATEMALA,"Galletas, panes, tortillas y similares",14,26.6,311,9.4,4.3,58.5,,1.1,38,114,4.9,0.1,0.2,1.26,0,2,,,,,,,,,,,,,1
14035,PAN FRANCES DE HONDURAS,"Galletas, panes, tortillas y similares",14,17.2,357,12.1,4.7,65.1,,0.9,11,104,2.4,0.05,0.04,1.14,0,,,,,,,,,,,,,,1
14036,PAN FRANCES DE NICARAGUA,"Galletas, panes, tortillas y similares",14,15.5,360,12.7,4.2,66.3,,1.3,49,114,1.3,0.1,0.14,1.57,0,,,,,,,,,,,,,,1
14037,PAN FRANCES DE PANAMA,"Galletas, panes, tortillas y similares",14,22.9,317,10.8,1.8,63.1,,1.4,32,101,1.8,0.08,0.06,1.2,0,,,,,,,,,,,,,,1
14038,PAN FRANCES DE COCO,"Galletas, panes, tortillas y similares",14,23.3,341,10.3,6.9,58.6,,0.9,43,107,2.4,0.12,0.01,1.34,,,,,,,,,,,,,,,1
14039,"PAN INTEGRAL, TIPO BOLLO","Galletas, panes, tortillas y similares",14,32.7,278,8.4,5.4,51.4,6,2,33,187,3.1,0.3,0.23,3.98,0,0,1.16,2.94,0.8,0,314,346,1.5,81,0.2,0,18,78,1
14040,"PAN INTEGRAL, DE RODAJA O CUADRADO, SUAVE","Galletas, panes, tortillas y similares",14,37.7,246,9.7,4.2,46.1,6.9,2.3,72,229,3.3,0.35,0.2,3.84,0,0,1.68,1,0.92,0,252,527,1.94,86,0.18,0.01,0,50,1
14041,"PAN BLANCO, TIPO PITA","Galletas, panes, tortillas y similares",14,32.1,275,9.1,1.2,55.7,2.2,1.9,86,97,1.4,0.27,0.1,2.14,0,0,0.1,0.54,0.17,0,120,536,0.84,26,0.03,0,0,24,1
14042,"PAN INTEGRAL, TIPO PITA","Galletas, panes, tortillas y similares",14,30.6,266,9.8,2.6,55,7.4,2,15,180,3.06,0.34,0.08,2.84,0,0,0.35,1.05,0.41,0,170,532,1.52,69,0.26,0,0,35,1
14043,PAN SEMITA (EL SALVADOR),"Galletas, panes, tortillas y similares",14,25.3,333,5.4,7.4,60.5,,1.4,30,83,2.1,0.1,0.05,0.94,0,,,,,,,,,,,,,,1
14044,POLVO DE HORNEAR,"Galletas, panes, tortillas y similares",14,6.2,97,0.1,0.4,46.9,2.2,46.4,4332,6869,8.17,0,0,0,0,0,0.01,0.12,0.07,0,10100,90,0.72,29,0,0,0,0,1
14045,ROSQUILLAS DE MAIZ,"Galletas, panes, tortillas y similares",14,24.2,321,13.5,10.4,48.8,,3.1,401,498,4,0.18,0.44,1.21,,,,,,,,,,,,,,,1
14046,ROSQUILLAS DE TRIGO,"Galletas, panes, tortillas y similares",14,34.4,289,9.4,7,46.8,,2.4,214,225,2,0.14,0.3,0.88,1,,,,,,,,,,,,,,1
14047,"TAMALITO DE MAIZ, SIMPLE (GUATEMALA)","Galletas, panes, tortillas y similares",14,66.36,135,3.16,1.27,28.69,,0.52,81,580,,0.06,7.02,1.64,,,,,,,,,,,,,,,1
14048,"TORTILLA DE MAIZ AMARILLO,  C/CAL","Galletas, panes, tortillas y similares",14,47.8,206,5.6,1.3,44.5,4.47,0.8,158,122,2.5,0.12,0.05,1.02,,20,0.5,0.9,0.2,0,,,,,,,,,1
14049,"TORTILLA DE MAIZ AMARILLO,  C/CAL Y CENIZA","Galletas, panes, tortillas y similares",14,42.7,237,4.8,4.4,46.4,,1.8,97,182,3.6,0.08,0.09,0.95,0,,,,,,,,,,,,,,1
14050,"TORTILLA DE MAIZ AMARILLO,  C/CENIZA","Galletas, panes, tortillas y similares",14,48.6,202,3.6,1.6,44.4,,1.8,34,152,3.6,0.07,0.06,0.76,0,,,,,,,,,,,,,,1
14051,"TORTILLA DE MAIZ AMARILLO,  PILADO","Galletas, panes, tortillas y similares",14,64.7,131,2.7,0.6,31.9,,0.1,26,17,1,0.03,0.02,0.26,,,,,,,,,,,,,,,1
14052,"TORTILLA DE MAIZ BLANCO,  C/CAL","Galletas, panes, tortillas y similares",14,47.8,204,5.4,1,44.9,4.47,0.8,124,123,0.2,0.1,0.04,1.02,,2,0.4,0.8,0.1,0,,,,,,,,,1
14053,"TORTILLA DE MAIZ BLANCO,  C/CAL Y CENIZA","Galletas, panes, tortillas y similares",14,53.9,197,4.2,4.4,37,,0.6,198,111,4,0.04,0.04,0.48,0,,,,,,,,,,,,,,1
14054,"TORTILLA DE MAIZ BLANCO,  C/CENIZA","Galletas, panes, tortillas y similares",14,51.6,193,3.3,1.2,43.2,,0.7,16,146,4.8,0.04,0.04,0.48,0,,,,,,,,,,,,,,1
14055,"TORTILLA DE MAIZ BLANCO,  PILADO","Galletas, panes, tortillas y similares",14,58.2,167,3.1,0.8,37.6,,0.3,39,30,2,0.05,0.03,0.48,,,,,,,,,,,,,,,1
14056,"TORTILLA DE MAIZ NEGRO,  C/CAL","Galletas, panes, tortillas y similares",14,37.4,263,3.9,4.7,52.9,4.47,1.1,125,192,2.6,0.22,0.07,1.11,0,0,0.8,1.4,0.3,0,,,,,,,,,1
14057,"TORTILLA DE MAICILLO,  C/CAL","Galletas, panes, tortillas y similares",14,48.8,194,5,1.5,43.8,,0.9,100,187,3.1,0.08,0.06,1.26,0,,,,,,,,,,,,,,1
14058,"TORTILLA DE TRIGO, LISTA PARA FREIR U HORNEAR","Galletas, panes, tortillas y similares",14,30.22,312,8.29,7.75,51.35,3.1,2.39,129,124,3.34,0.54,0.27,3.57,0,0,3.89,1.58,1.89,0,155,636,0.54,22,0.05,0,92,168,1
14059,"TOTOPOSTE DULCE,  C/HUEVO","Galletas, panes, tortillas y similares",14,2.8,452,6.2,16.4,69.9,,4.7,399,480,10.2,0.1,0.15,0.8,,,,,,,,,,,,,,,1
14060,"TOTOPOSTE DULCE,  C/QUESO","Galletas, panes, tortillas y similares",14,8.6,368,20.6,2.9,65,,2.9,27,186,6.2,0.08,0.15,1.69,,,,,,,,,,,,,,,1
14061,"TOTOPOSTE SIMPLE,  C/HUEVO","Galletas, panes, tortillas y similares",14,8,362,11.6,2.6,73,,4.7,132,274,6.2,0.02,0.1,2.37,,,,,,,,,,,,,,,1
14062,"TOTOPOSTE SIMPLE,  C/QUESO","Galletas, panes, tortillas y similares",14,7.5,392,16.7,7.9,63.5,,4.4,462,439,6.5,0.15,0.38,1.3,,,,,,,,,,,,,,,1
14063,"AREPA DE MAIZ PILADO, BLANCO","Galletas, panes, tortillas y similares",14,57.5,172,4.1,0.05,37.8,,0.1,3,25,1.8,0.03,0.01,0.1,0,0,,,,,,,,,,,,,
14064,"PAN INTEGRAL, DE RODAJA O CUADRADO, TOSTADO","Galletas, panes, tortillas y similares",14,30,277,10.9,4.8,51.7,7.4,2.6,81,258,3.71,0.32,0.21,3.88,0,0,1.89,1.13,1.03,0,283,592,2.18,97,0.18,0.01,0,39,1
14065,GALLETAS DE AVENA,"Galletas, panes, tortillas y similares",14,5.7,450,6.2,18.1,68.7,2.8,1.4,37,138,2.58,0.27,0.23,2.23,1,5,10.02,2.54,4.52,0,142,383,0.79,33,0.07,0,52,95,1
14066,GALLETAS DE AVENA C/PASAS,"Galletas, panes, tortillas y similares",14,11.49,410,5.7,13.54,67.24,3,2.03,31,,2.28,0.27,0.16,1.72,0,,5.04,1.22,3.15,11,232,377,,,,,,,1
14067,"GALLETAS DULCES,  CON CHIPS CHOCOLATE","Galletas, panes, tortillas y similares",14,4.1,453,5.8,15.4,73.3,3.6,1.3,19,84,3.07,0.29,0.27,2.77,0,0,6.09,4.65,3.81,0,123,377,0.7,28,0.26,0,64,115,1
14068,"TORTILLA DE MAIZ, LISTA PARA FREIR U HORNEAR","Galletas, panes, tortillas y similares",14,45.89,218,5.7,2.85,44.64,6.3,0.93,81,314,1.23,0.09,0.06,1.5,0,0,0.69,1.42,0.45,0,186,45,1.31,72,0.22,0,0,5,1
14069,TORTILLA HORNEADA LISTA PARA TACO,"Galletas, panes, tortillas y similares",14,6,468,7.2,22.6,62.4,7.5,1.8,160,248,2.5,0.23,0.05,1.35,0,0,8.93,8.49,3.24,0,179,367,1.4,105,0.3,0,125,219,1
14070,"AREPA DE MAIZ PILADO, AMARILLO","Galletas, panes, tortillas y similares",14,62.5,150,7.2,0.5,29.1,,0.7,13,38,0.4,0.01,0.03,0.8,0,36,,,,,,,,,,,,,1
14071,HOJALDRE,"Galletas, panes, tortillas y similares",14,10,370,2.4,2,85.5,,0.1,14,43,1.5,0.01,0.06,0.3,0,52,,,,,,,,,,,,,1
14072,"PAN BLANCO, TIPO BOLLO (COSTA RICA)","Galletas, panes, tortillas y similares",14,16.4,317,11.7,2.1,67.5,4.7,2.3,,,,,,,,,,,,,,,,,,,,,1
14073,"PAN BLANCO, DE RODAJA O CUADRADO (COSTA RICA)","Galletas, panes, tortillas y similares",14,27.6,281,9.6,2.6,58.5,3.6,1.7,,,,,,,,,,,,,,,,,,,,,1
14074,"TORTILLA DE MAIZ BLANCO, COSTA RICA, CASERA","Galletas, panes, tortillas y similares",14,50,175,4.8,0.7,43.8,6.5,0.7,,,,,,,,,,,,,,,,,,,,,1
14075,"TORTILLA DE MAIZ BLANCO, COSTA RICA, INDUSTRIAL","Galletas, panes, tortillas y similares",14,45.2,193,5.1,1.1,47.7,7,0.9,,,,,,,,,,,,,,,,,,,,,1
15001,"AZUCAR BLANCA, GRANULADA","Azucares, mieles, dulces y golosinas",15,0.7,384,0,0,99.1,,0.2,5,1,0.1,0,0,0,,0,0,0,0,0,,0,,,,,,,1
15002,"AZUCAR BLANCA, GRANULADA, FORTIF,C/VIT A","Azucares, mieles, dulces y golosinas",15,0.7,384,0,0,99.1,0,0.2,5,1,0.1,0,0,0,0,1000,,,,,,,,,,,,,1
15003,AZUCAR MORENA O NEGRA,"Azucares, mieles, dulces y golosinas",15,1.77,377,0,0,97.33,0,0.9,85,22,1.91,0.01,0.01,0.08,0,0,0,0,0,0,346,39,0.18,29,0.03,0,0,1,1
15004,"CAÑA DE AZUCAR, JUGO","Azucares, mieles, dulces y golosinas",15,78.8,82,0.3,0.1,20.5,,0.3,13,12,0.7,0.02,0.01,0.1,2,,,,,,,,,,,,,,1
15005,ANGELES O MARSHMELLOWS,"Azucares, mieles, dulces y golosinas",15,16.4,318,1.8,0.2,81.3,0.1,0.3,3,8,0.23,0,0,0.08,0,0,0.08,0.05,0.06,0,5,80,0.04,2,0,0,0,1,1
15006,"CARAMELOS O CONFITES, DUROS","Azucares, mieles, dulces y golosinas",15,1.3,394,0,0.2,98,0,0.5,3,3,0.3,0,0,0.01,0,0,0,0,0,0,5,38,0.01,3,0,0,0,0,1
15007,"CARAMELOS O CONFITES, SUAVES","Azucares, mieles, dulces y golosinas",15,1,396,0,0,98.9,0.1,0.1,3,1,0.4,0.01,0.01,0.01,0,0,0,0,0,0,5,44,0,1,0,0,0,0,1
15008,GOMA DE MASCAR (CHICLE) CON AZUCAR,"Azucares, mieles, dulces y golosinas",15,2.6,247,0,0.3,66.08,2.4,0.4,0,0,0,0,0,0,0,0,0.08,0.14,0.04,0,2,1,0,0,0,0,0,0,1
15009,CHOCOLATES C/LECHE (GOLOSINA),"Azucares, mieles, dulces y golosinas",15,1.5,535,7.65,29.66,59.4,3.4,1.78,189,208,2.35,0.11,0.3,0.39,0,49,13.21,0.85,14.23,23,372,79,2.01,63,0.04,0.62,0,11,1
15010,CHOCOLATES C/LECHE Y ALMENDRA (GOLOSINA),"Azucares, mieles, dulces y golosinas",15,1.5,526,9,34.4,53.2,6.2,1.7,224,264,1.63,0.06,0.44,0.74,0,44,13.49,2.28,16.98,19,444,74,1.34,90,0.05,0.33,0,14,1
15011,CHOCOLATES C/LECHE Y MANI (GOLOSINA),"Azucares, mieles, dulces y golosinas",15,1.9,519,13.1,33.5,49.4,4.7,1.8,104,212,1.31,0.12,0.17,4.25,0,34,12.92,4.33,14.6,9,502,41,2.39,96,0.21,0.44,0,8,1
15012,DULCE DE COCO,"Azucares, mieles, dulces y golosinas",15,2.8,427,0.5,11.5,85,,0.2,8,17,1.2,0.08,0.02,0.27,1,,,,,,,,,,,,,,1
15013,DULCE DE GUAYABA,"Azucares, mieles, dulces y golosinas",15,8.4,357,0.4,1,89.7,,0.5,18,23,2.3,0.04,0.03,0.38,7,,,,,,,,,,,,,,1
15014,DULCE DE LECHE,"Azucares, mieles, dulces y golosinas",15,2,392,0.1,2.8,94.9,,0.2,14,10,2.1,0.02,0.01,0.77,4,,,,,,,,,,,,,,1
15015,DULCE DE NANCE,"Azucares, mieles, dulces y golosinas",15,11.6,344,0.8,1.4,85,,1.1,42,39,11.5,0.11,0.1,0.31,22,,,,,,,,,,,,,,1
15016,DULCE DE PAPAYA,"Azucares, mieles, dulces y golosinas",15,42.6,221,0.9,0.8,54.5,,1.2,119,20,2.4,0.03,0.04,0.38,14,,,,,,,,,,,,,,1
15017,DULCE DE PIÑA,"Azucares, mieles, dulces y golosinas",15,3.9,399,0.1,6.2,89.7,,0.1,13,5,2.3,0.03,0.01,0.12,2,,,,,,,,,,,,,,1
15018,DULCE DE ZAPOTE,"Azucares, mieles, dulces y golosinas",15,2.7,393,0.2,3.8,93.1,,0.2,12,7,1.4,0.05,0.04,0.26,4,,,,,,,,,,,,,,1
15019,JALEAS TODA VARIEDAD,"Azucares, mieles, dulces y golosinas",15,29.77,266,0.15,0.02,69.95,1,0.12,7,6,0.19,0,0.03,0.04,1,0,0,0,0,0,54,30,0.03,6,0.02,0,0,2,1
15020,"JARABE O SIROPE, MAIZ, OBSCURO","Azucares, mieles, dulces y golosinas",15,22.01,286,0,0,77.59,0,0.4,18,11,0.37,0.01,0.01,0.02,0,0,0,0,0,0,44,155,0.04,8,0.01,0,0,0,1
15021,"JARABE O SIROPE, MAPLE","Azucares, mieles, dulces y golosinas",15,32.11,261,0,0.2,67.09,0,0.6,67,2,1.2,0.01,0.01,0.03,0,0,0.06,0.1,0.04,0,204,9,4.16,14,0,0,0,0,1
15022,MELAZA,"Azucares, mieles, dulces y golosinas",15,21.87,290,0,0.1,74.73,0,3.3,205,31,4.72,0.04,0,0.93,0,0,0.03,0.05,0.02,0,1464,37,0.29,242,0.67,0,0,0,1
15023,MERMELADAS TODA VARIEDAD,"Azucares, mieles, dulces y golosinas",15,33.2,246,0.3,0,66.3,0.7,0.2,38,4,0.15,0,0.03,0.05,5,3,0,0,0,0,37,56,0.04,2,0.02,0,0,9,1
15024,MIEL DE ABEJAS,"Azucares, mieles, dulces y golosinas",15,17.1,304,0.3,0,82.4,0.2,0.2,6,4,0.42,0,0.04,0.12,1,0,0,0,0,0,52,4,0.22,2,0.02,0,0,2,1
15025,MIEL DE CAÑA,"Azucares, mieles, dulces y golosinas",15,25.6,284,0.5,0.2,72.6,,1.1,70,42,1.2,0.02,0.06,0.4,3,0,0,0,0,0,425,,,,,,,,1
15026,MIEL KARO,"Azucares, mieles, dulces y golosinas",15,26.83,293,0,0,72.68,0,0.49,44,15,3.9,0,0,0,0,,0,0,0,0,5,171,0.02,2,0,0,0,,1
15027,PANELA O RAPADURA,"Azucares, mieles, dulces y golosinas",15,7.4,356,0.4,0.5,90.6,0,1.1,51,44,4.2,0.02,0.11,0.3,2,0,0,0,0,0,346,39,0.18,,0.03,0,0,1,1
15028,PASTA DE GUAYABA,"Azucares, mieles, dulces y golosinas",15,20.1,308,0.3,0.1,79,,0.5,25,17,1.2,0.02,0.03,1,80,,,,,,,,,,,,,,1
15029,MIEL PREPARADA PARA PANCAKES,"Azucares, mieles, dulces y golosinas",15,37.98,234,0,0,61.47,0.7,0.13,3,9,0.03,0.01,0.01,0.01,0,0,0,0,0,0,15,82,0.08,2,0,0,0,0,1
15030,MIEL DE MAPLE PREPARADA PARA PANCAKES,"Azucares, mieles, dulces y golosinas",15,30.1,265,0,0.1,69.6,0,0.2,5,10,0.07,0,0.02,0,0,0,0.03,0.05,0.02,0,6,61,0.23,2,0,0,0,0,1
15031,"JARABE O SIROPE DE MAIZ, ALTO CONT, FRUCTOSA","Azucares, mieles, dulces y golosinas",15,24,281,0,0,76,0,0,0,0,0.03,0,0.02,0,0,0,0,0,0,0,0,2,0.02,0,0,0,0,0,1
15032,JARABE DIETETICO,"Azucares, mieles, dulces y golosinas",15,50,40,0.8,0,49.2,3,0.07,0,0,0,0,0,0,0,0,0,0,0,0,0,21,0,0,0,0,0,0,1
15033,GOMA DE MASCAR (CHICLE) SIN AZUCAR,"Azucares, mieles, dulces y golosinas",15,3.5,268,0,0.4,94.8,2.4,1.3,20,0,0,0,0,0,0,0,0.09,0.23,0.06,0,0,7,0,0,0,0,0,0,1
16002,"ACEITE VEGETAL, DE AJONJOLI",Aceites y grasas,16,0,884,0,100,0,0,0,0,0,0,0,0,0,0,0,39.7,41.7,14.2,0,0,0,0,0,0,0,0,0,1
16003,"ACEITE VEGETAL, DE ALGODON",Aceites y grasas,16,0,884,0,100,0,0,0,0,0,0,0,0,0,0,0,17.8,51.9,25.9,0,0,0,0,0,0,0,0,0,1
16004,"ACEITE VEGETAL, DE COCO",Aceites y grasas,16,0,862,0,100,0,0,0,0,0,0.04,0,0,0,0,0,5.8,1.8,86.5,0,0,0,0,0,0,0,0,0,1
16005,"ACEITE VEGETAL, DE GIRASOL",Aceites y grasas,16,0,884,0,100,0,0,0,0,0,0.03,0,0,0,0,0,45.4,40.1,10.1,0,0,0,0,0,0,0,0,0,1
16006,"ACEITE VEGETAL, DE MAIZ",Aceites y grasas,16,0,884,0,100,0,0,0,0,0,0,0,0,0,0,0,27.58,54.68,12.95,0,0,0,0,0,0,0,0,0,1
16007,"ACEITE VEGETAL, DE OLIVA",Aceites y grasas,16,0,884,0,100,0,0,0,1,0,0.56,0,0,0,0,0,72.96,10.52,13.81,0,1,2,0,0,0,0,0,0,1
16008,"ACEITE VEGETAL, DE PALMA FRUTO COMPLETO",Aceites y grasas,16,0,862,0,100,0,0,0,0,0,0,0,0,0,0,0,11.4,1.6,81.5,0,0,0,0,0,0,0,0,0,1
16009,"ACEITE VEGETAL, DE SOYA",Aceites y grasas,16,0,884,0,100,0,0,0,0,0,0.02,0,0,0,0,0,23.3,57.9,14.4,0,0,0,0,0,0,0,0,0,1
16010,"ACEITE VEGETAL, TODA CLASE",Aceites y grasas,16,,884,,100,0,,0,0,0,0,0,0,0,0,0,65,7,23,0,0,0,0,,0,0,0,,1
16012,MANTECA DE CERDO,Aceites y grasas,16,0.6,879,0,99.4,0,0,0,0,0,0,0,0,0,0,0,45.1,11.2,39.2,95,0,0,0.11,,0,0,0,0,1
16013,"MANTECA VEGETAL, TODO USO",Aceites y grasas,16,0,884,0,100,0,0,0,0,0,0,0,0,0,0,0,50.97,14.2,30.42,0,0,0,0,0,0,0,0,0,1
16014,"MANTECA VEGETAL, PARA PANADERIA",Aceites y grasas,16,0,884,0,100,0,0,0,0,0,0,0,0,0,0,0,33,40.6,22,0,0,0,0,0,0,0,0,0,1
16015,MANTEQUILLA C/SAL,Aceites y grasas,16,15.87,717,0.85,81.11,0.06,0,2.11,24,24,0.02,0,0.03,0.04,0,684,21.02,3.04,51.37,215,24,576,0.09,2,0,0.17,0,3,1
16016,MANTEQUILLA S/SAL,Aceites y grasas,16,17.94,717,0.85,81.11,0.06,0,0.04,24,24,0.02,0,0.03,0.04,0,684,21.02,3.04,51.37,215,24,11,0.09,2,0,0.17,0,3,1
16017,MANTEQUILLA DE MANI CON SAL,Aceites y grasas,16,1.81,588,25.09,50.39,19.56,6,3.15,43,358,1.87,0.07,0.1,13.4,0,0,23.71,13.87,10.29,0,649,459,2.91,154,0.54,0,0,74,1
16018,MARGARINA (80% GRASA C/SAL,Aceites y grasas,16,15.7,719,0.9,80.5,0.9,0,2,30,23,0.06,0.01,0.04,0.02,0,819,35.8,25.4,15.8,0,42,943,0,3,0.01,0.1,0,1,1
16019,MARGARINA IMITACION (40% GRASA),Aceites y grasas,16,58.1,345,0.5,38.8,0.4,0,2.2,18,14,0,0.01,0.02,0.01,0,819,15.7,13.8,7.7,0,25,960,0,2,0,0.06,0,1,1
16020,MARGARINA SUAVE S/SAL (60% GRASA),Aceites y grasas,16,38.13,531,0.6,60,0,0,1.3,21,16,0,0.01,0.03,0.02,0,819,13.12,33.41,9.69,1,30,28,0,2,0.01,0.07,0,1,1
16021,MAYONESA COMERCIAL C/SAL,Aceites y grasas,16,39.9,390,0.9,33.4,23.9,0,1.9,14,26,0.2,0.01,0.02,0,0,21,9,18,4.9,26,9,711,0.18,2,0.02,0.21,0,6,1
16022,"ACEITE VEGETAL, DE PALMA SOLO PULPA",Aceites y grasas,16,0,884,0,100,0,0,0,0,0,0.01,0,0,0,0,0,37,9.3,49.3,0,0,0,0,0,0,0,0,0,1
16023,GRASA DE POLLO,Aceites y grasas,16,0.2,900,0,99.8,0,0,0,0,0,0,0,0,0,0,0,44.7,20.9,29.8,85,0,0,0,0,0,0,0,0,1
16024,MARGARINA (80% GRASA) S/SAL,Aceites y grasas,16,18.5,714,0.5,80.3,0.5,0,0.2,17,13,0,0.01,0.02,0.01,0,819,36.7,25,15,0,25,2,0,2,0,0.06,0,1,1
16025,MARGARINA SUAVE C/SAL (60% GRASA),Aceites y grasas,16,38.13,531,0.6,60,0,0,1.7,21,16,0,0.01,0.03,0.02,0,819,13.12,33.41,9.69,1,30,785,0,2,0.01,0.07,0,1,1
16026,MARGARINA (20% GRASA) C/SAL,Aceites y grasas,16,78.8,175,0,19.5,0.4,0,1.3,0,14,0,0,0,0,0,819,7.48,8.04,2.87,0,25,733,0,1,0,0,0,0,1
16027,MARGARINA (20% GRASA) S/SAL,Aceites y grasas,16,78.8,175,0,19.5,0.4,0,1.3,0,14,0,0,0,0,0,819,7.48,8.04,2.87,0,25,0,0,1,0,0,0,0,1
16028,MARGARINA LIQUIDA (SOYA&ALGODON)),Aceites y grasas,16,15.8,721,1.9,80.6,0,0,2,66,51,0,0.02,0.08,0.05,0,819,28.1,35.8,13.2,0,94,781,0,6,0.02,0.21,0,3,1
16029,ACEITE VEGETAL FORTIFICADO (PL 480),Aceites y grasas,16,0,884,0,100,0,0,0,0,0,0.02,0,0,0,0,1802,,,,,0,0,0,0,0,0,,,1
17001,ATOL BLANCO O DE CENIZA (GUATEMALA),Bebidas diversas,17,93.7,25,0.7,0.2,5,,0.4,7,22,0.7,0.03,0.01,0.26,0,,,,,,,,,,,,,,1
17002,ATOL CACAHUATE (EL SALVADOR),Bebidas diversas,17,86,76,2.1,5,6.6,,0.3,8,36,0.6,0.01,0.02,2.62,0,,,,,,,,,,,,,,1
17003,ATOL CHILATE,Bebidas diversas,17,94.9,38,0.3,4.2,0.5,,0.1,4,16,0.6,0.02,0.01,0.08,0,,,,,,,,,,,,,,1
17004,ATOL SHUCO,Bebidas diversas,17,89.7,37,0.3,0.3,8.3,,1.4,12,43,1,0.22,0.01,0.26,0,,,,,,,,,,,,,,1
17005,ATOL TRES COCIMIENTOS (GUATEMALA),Bebidas diversas,17,86.8,52,0.7,0.2,12.1,,0.2,10,14,0,0.01,0,0.19,0,,,,,,,,,,,,,,1
17006,"BATIDO O MILK SHAKE, CHOCOLATE",Bebidas diversas,17,71.5,127,3.4,3.7,20.5,1.9,0.9,113,102,0.31,0.06,0.25,0.16,0,26,1.08,0.14,2.31,13,200,97,0.41,17,0.05,0.34,0,5,1
17007,"BATIDO O MILKSHAKE,  FRESA",Bebidas diversas,17,74.1,113,3.4,2.8,18.9,0.4,0.9,113,100,0.11,0.05,0.19,0.17,1,26,,,1.73,11,182,83,0.36,13,0.04,0.31,0,3,1
17008,"BATIDO O MILKSHAKE, VAINILLA",Bebidas diversas,17,69.65,148,3.37,6.52,19.59,0.9,0.86,115,98,0.46,0.03,0.66,0.21,0,91,1.78,0.32,3.96,23,166,81,0.57,13,0.06,0.22,0,0,1
17009,"BEBIDA ALCOHOLICA, AGUARDIENTE O RON",Bebidas diversas,17,66.6,231,0,0,0,0,0,0,5,0.12,0.01,0,0,0,0,0,0,0,0,2,1,0.07,0,0,0,0,0,1
17010,"BEBIDA ALCOHOLICA, CERVEZA REGULAR",Bebidas diversas,17,91.96,43,0.46,0,3.55,0,0.16,4,14,0.02,0,0.03,0.51,0,0,0,0,0,0,27,4,0.01,6,0.05,0.02,0,6,1
17011,"BEBIDA ALCOHOLICA, CERVEZA SUAVE",Bebidas diversas,17,94.88,29,0.24,0,1.64,0,0.09,4,12,0.03,0,0.01,0.39,0,0,0,0,0,0,21,4,0.01,5,0.03,0.09,0,6,1
17012,"BEBIDA ALCOHOLICA, VINO DE COCINA",Bebidas diversas,17,86.58,84,0.07,0,2.72,0,0.24,8,20,0.37,0,0.02,0.17,0,0,0,0,0,0,99,5,0.13,11,0.05,0,0,1,1
17013,"BEBIDA ALCOHOLICA, VINO DE MESA",Bebidas diversas,17,86.49,85,0.07,0,2.61,0,0.28,8,23,0.46,0,0.03,0.22,0,0,0,0,0,0,127,4,0.14,12,0.06,0,0,1,1
17014,"BEBIDA ALCOHOLICA, VINO DE PALMA",Bebidas diversas,17,93,27,0,0.1,6.6,,0.3,4,10,0.5,,,0.73,,,,,,,,,,,,,,,1
17015,"BEBIDA ALCOHOLICA, WHISKEY",Bebidas diversas,17,63.9,250,0,0,0.1,0,0,0,3,0.02,0.01,0,0.05,0,0,0,0,0,0,1,0,0.02,0,0,0,0,0,1
17016,"BEBIDA GASEOSA O CARBONATADA,  NO COLAS",Bebidas diversas,17,87.6,48,0,0,12.3,0,0.1,5,1,0.06,0,0,0,0,0,0,0,0,0,2,12,0.1,1,0,0,0,0,1
17017,"BEBIDA GASEOSA O CARBONATADA, TIPO COLAS C/CAFEINA",Bebidas diversas,17,90.31,37,0.07,0.02,9.56,0,0.04,2,10,0.11,0,0,0,0,0,0,0,0,0,2,4,0.08,0,0,0,0,0,1
17018,"BEBIDA GASEOSA O CARBONATADA, TIPO SODA",Bebidas diversas,17,99.9,0,0,0,0,0,0.1,5,0,0.01,0,0,0,0,0,0,0,0,0,2,21,0.1,1,0,0,0,0,1
17019,"BEBIDA GASEOSA O CARBONATADA, DIETETICA NO COLAS",Bebidas diversas,17,99.8,0,0,0,0.1,0,0.1,4,0,0.04,0,0,0,0,0,0,0,0,0,2,16,0.05,1,0,0,0,0,1
17020,"BEBIDA GASEOSA O CARBONATADA, DIETETICA TIPO COLAS",Bebidas diversas,17,99.54,2,0.11,0.03,0.29,0,0.03,3,9,0.11,0,0.02,0,0,0,0,0,0,0,11,8,0.11,1,0,0,0,0,1
17021,"BEBIDA NUTRITIVA- BIENESTARINA, POLVO",Bebidas diversas,17,6.7,384,21.29,5.65,63.25,,3.11,310,,20,1.12,1.23,14.25,,1350,,,,,,,,,,,,,1
17022,"BEBIDA NUTRITIVA- INCAPARINA, POLVO",Bebidas diversas,17,7.24,368,20.7,2,68,,4.5,305,,20,1.2,1.3,16,,1350,,,,,,,15,,,1.01,187,,1
17023,"BEBIDA NUTRITIVA- PROTINA, POLVO",Bebidas diversas,17,,376,12,1.5,78.8,,,380,280,11.2,1.7,1.01,13.62,,1000,,,,,,,,,,,,,1
17024,"BEBIDA NUTRITIVA- VITATOL,  POLVO",Bebidas diversas,17,6.25,382,21,1.6,64,,2.5,332,594,16,1.7,1.01,13.62,,1500,,,,,,,,,,,,,1
17025,REFRESCO DE CARAO,Bebidas diversas,17,89.6,39,0.6,0.2,9.1,,0.5,4,11,0.2,0.02,0.01,0.96,4,,,,,,,,,,,,,,1
17026,REFRESCO DE CHICHA DE MAIZ FERMENTADO,Bebidas diversas,17,94.5,22,0,0,5.4,,0.1,158,,0.3,0,0.02,,,,,,,,,,,,,,,,1
17027,REFRESCO DE CHICHA DE MAIZ GERMINADO,Bebidas diversas,17,82.2,69,2.4,0.4,14.8,,0.3,14,34,0.7,0.06,0.11,0.23,,,,,,,,,,,,,,,1
17028,REFRESCO DE CHICHA DE PULPA Y NUEZ,Bebidas diversas,17,97.8,16,0.2,1.6,0.3,,0.1,8,1,0.1,0,0.02,0.08,,,,,,,,,,,,,,,1
17029,"COCOA MIXTA, PREPARADA AGUA",Bebidas diversas,17,86.34,55,0.81,0.55,11.64,0.5,0.65,22,43,0.17,0.01,0.08,0.08,0,0,0.18,0.02,0.33,1,98,71,0.21,12,0.02,0.18,0,0,1
17030,REFRESCO DE HORCHATA C/MORRO,Bebidas diversas,17,88.5,49,0.2,0.3,11,,0,9,8,6.6,0,0.01,0.06,0,,,,,,,,,,,,,,1
17031,"REFRESCO ARTF, S/VIT C, EMPACADO",Bebidas diversas,17,88.1,43,0,0,11.6,0,0.1,0,0,0.02,,,,0,,,,0,0,4,14,,,,,,,1
17032,"REFRESCO ARTIF, C/VIT C, SABOR FRUTAS, PREPARADO",Bebidas diversas,17,90.35,37,0,0.01,9.47,0,0.17,18,0,0.01,0,0,0,3,0,0,0,0.01,0,1,3,0.01,1,0,0,0,0,1
17033,"REFRESCO ARTIF, C/VIT C, SABOR LIMON, PREPARADO",Bebidas diversas,17,89.1,42,0,0,10.8,0,0.1,11,1,0.02,0,0,0,13,0,0,0,0.02,0,1,7,0.03,1,0,0,0,0,1
17034,"REFRESCO ARTIF, C/VIT C, SABOR NARANJA, PREPARADO",Bebidas diversas,17,87.15,49,0,0,12.65,0.1,0.2,51,19,0.01,0,0.09,1.02,30,77,0,0,0,0,24,4,0.01,1,0.1,0,,0,1
17035,"REFRESCO DE AVENA FORTIFICADA,  POLVO INSTANTANEO",Bebidas diversas,17,3.18,407,5.59,4.95,83.93,,2.35,648,153,18.1,2,1.33,16.67,,1590,,,,,,,,,,,,,1
17036,"REFRESCO ARTIF, C/VIT C, SABOR FRUTAS, POLVO",Bebidas diversas,17,1.4,382,0,0.1,97.7,0,0.8,142,0,0.5,0,0.02,0.01,122,0,0.01,0.01,0.06,0,5,42,0.11,0,0,0,0,0,1
17037,"REFRESCO ARTIF, C/VIT C, SABOR LIMON, POLVO",Bebidas diversas,17,0.6,389,0.1,0,94.44,0,0.3,83,9,0.11,0,0.01,0,33,0,0,0,0,0,3,139,0.05,1,0,0,0,0,1
17038,"REFRESCO ARTIF, C/VIT C, SABOR NARANJA, POLVO",Bebidas diversas,17,0.14,386,0,0,98.94,0.4,0.92,385,151,0.02,0,0.68,8,231,600,0,0,0,0,190,17,0.01,0,0.8,0,0,0,1
17039,"CAFE TOSTADO MOLIDO, POLVO",Bebidas diversas,17,5,226,12.6,14.8,63.4,,4.8,148,198,2.9,0.07,0.05,17,,,,,,,,,,,,,,,1
17040,"CAFE TOSTADO MOLIDO, PREPARADO C/AGUA S/AZUCAR",Bebidas diversas,17,99.39,1,0.12,0.02,0,0,0.35,2,3,0.01,0.01,0.08,0.19,0,0,0.01,0,0,0,49,2,0.02,3,0,0,0,2,1
17041,"CAFE INSTANTANEO, POLVO",Bebidas diversas,17,3.1,241,12.2,0.5,41.1,0,8.8,141,303,4.41,0.01,0.07,28.17,0,0,0.04,0.2,0.2,0,3535,37,0.35,327,0.03,0,0,0,1
17042,"CAFE INSTANTANEO, PREPARADO C/AGUA S/AZUCAR",Bebidas diversas,17,99.09,2,0.1,0,0.34,0,0.17,4,3,0.04,0,0,0.24,0,0,0,0,0,0,30,2,0.01,3,0,0,0,0,1
17043,"CAFE INSTANTANEO, DESCAFEINADO, POLVO",Bebidas diversas,17,3.2,224,11.6,0.2,42.6,0,9,140,286,3.8,0,1.36,28.08,0,0,0.02,0.1,0.1,0,3501,23,0.11,311,0,0,0,0,1
17044,"CAFE INSTANTANEO, DESCAFEINADO, PREPARADO C/AGUA S/AZUCAR",Bebidas diversas,17,98.93,2,0.12,0,0.43,0,0.19,3,4,0.06,0,0.01,0.28,0,0,0,0,0,0,46,2,0,5,0,0,0,0,1
17045,"BEBIDA DE CHOCOLATE (SABOR), POLVO FORTIFICADO PARA LECHE",Bebidas diversas,17,1.1,400,4.55,2.27,90.28,4.5,1.8,455,86,0,0.01,0.06,0.2,27,0,0,0,2.27,0,280,136,6.82,53,0.91,0,0,4,1
17046,"COCOA MIXTA, POLVO",Bebidas diversas,17,1.5,398,6.67,4,83.73,3.6,4.1,133,315,1.19,0.1,0.56,0.59,0,1,1.33,0.11,2.38,1,712,504,1.46,83,0.11,0.38,0,0,1
17047,"COCOA SIMPLE S/AZUCAR,  POLVO",Bebidas diversas,17,3,229,19.6,13.7,54.3,33.2,5.8,128,734,13.86,0.08,0.24,2.18,0,0,4.57,0.44,8.07,0,1524,21,6.81,499,0.12,0,0,32,1
17048,"CHOCOLATE, TABLILLAS PARA BEBIDA",Bebidas diversas,17,2.1,457,3.4,15.1,78.4,,1,38,128,3,0.06,0.08,0.52,0,6,5.64,0.43,8.7,0,615,33,,,,,,,1
17049,"FORMULA NUTRITIVA ENSURE, POLVO",Bebidas diversas,17,5,450,15.9,15.9,61.8,,2.5,230,230,4.37,0.72,0.8,10,68,351,,,,,,,,,,,,,1
17050,"FORMULA NUTRITIVA SUSTAGEN, POLVO",Bebidas diversas,17,2.7,385,23.5,3.5,65,,5.3,800,650,3.3,2.2,2.2,22,66,330,,,,,,,,,,,,,1
17051,"BEBIDA GATORADE, LIQUIDO",Bebidas diversas,17,93.38,26,0,0.1,6.32,0,0.2,1,9,0.2,0.01,,0.22,0,,0,0,0,0,14,39,0.26,1,0.02,,,,1
17052,GUARAPO,Bebidas diversas,17,93.4,42,0.1,0,6,,0.5,25,30,1.2,0.01,0.02,0.1,0,,,,,,,,,,,,,,1
17053,"JAMAICA ROSA,  FLORES SECAS PARA BEBIDA",Bebidas diversas,17,9.2,304,7.2,2.6,74.1,,6.9,659,273,9,0.12,0.28,3.8,7,,,,,,,,,,,,,,1
17054,"SUCHILES, PASTA",Bebidas diversas,17,2.8,515,13,27.2,54.6,,2.4,81,233,10.7,0.05,0.23,3.36,0,,,,,,,,,,,,,,1
17055,ROMPOPO,Bebidas diversas,17,74.37,135,3.81,7.48,13.54,0,0.8,130,109,0.2,0.03,0.19,0.1,2,45,2.23,0.34,4.44,59,165,54,0.46,19,0.05,0.45,0,1,1
17056,"TE NEGRO INSTANTANEO,  EN POLVO",Bebidas diversas,17,5.09,315,20.21,0,58.66,8.5,16.04,118,239,2.26,0,0.99,10.8,0,0,0,0,0,0,6040,72,1.69,272,0.36,0,0,103,1
17057,"TE NEGRO INSTANTANEO,  PREPARADO C/AGUA S/AZUCAR",Bebidas diversas,17,99.62,1,0.06,0,0.17,0,0.15,3,1,0.01,0,0,0.03,0,0,0,0,0,0,18,2,0.01,1,0,0,0,0,1
17058,"TE NEGRO, HOJAS SECAS",Bebidas diversas,17,11.4,308,8,4,71.4,,5.2,400,300,11.9,0.08,0.73,6.5,5,,,,,,,,,,,,,,1
17059,"TE NEGRO, HOJAS SECAS, PREPARADO C/AGUA S/AZUCAR",Bebidas diversas,17,99.7,1,0,0,0.3,0,0,0,1,0.02,0,0.01,0,0,0,0,0,0,0,37,3,0.02,3,0,0,0,5,1
17060,TISTE EN POLVO (EL SALVADOR),Bebidas diversas,17,1.6,405,3.2,2.9,91.6,,0.7,42,133,3.7,0.05,0.07,0.85,,,,,,,,,,,,,,,1
17061,TISTE EN POLVO (GUATEMALA),Bebidas diversas,17,2,416,8.3,5.9,82.4,,1.4,29,230,3.5,0.1,0.1,1.33,0,,,,,,,,,,,,,,1
17062,"TE DE HIERBAS (NO MANZANILLA), PREPARADO C/AGUA S/AZUCAR",Bebidas diversas,17,99.7,1,0,0,0.2,0,0,2,0,0.08,0.01,0,0,0,0,0,0,0,0,9,1,0.04,1,0,0,0,1,1
17063,REFRESCO CONCENTRADO C/AZUCAR,Bebidas diversas,17,35.1,231,0.3,0,64.4,,,,,,,,,,,0,0,0,0,,,,,,,,,1
17064,ATOL DE ARROZ CON LECHE (GUATEMALA),Bebidas diversas,17,,108,1.72,0.58,24.08,,0.29,34,39,0.58,0.08,0.05,0.67,0,15,,,,,,,,,,,,,1
17065,ATOL DE AVENA/MOSH (GUATEMALA),Bebidas diversas,17,,51,2.19,0.33,10.07,0.29,0.43,57,60,0.26,0.04,0.07,0.07,0,79,0.1,0.11,0.07,1,93,23,0.31,11,0.02,0.18,4,,1
17066,ATOL DE ELOTE  (GUATEMALA),Bebidas diversas,17,,75,1.02,0.32,18.53,1.19,0.22,2,32,0.28,0.05,0.02,0.47,2,111,0.11,0.17,0.06,0,67,4,0.11,9,0.02,0,11,,1
17067,"BEBIDA NUTRITIVA- INCAPARINA, PREPARADA",Bebidas diversas,17,,43,1.56,0.36,8.62,0,0.31,22,45,0.71,0.11,0.06,0.86,0,134,0,0,0,0,0,0,0,0,0,0,0,,1
17068,"ATOL DE MAIZ,  POLVO (CEREVITA)",Bebidas diversas,17,,376,3.35,0.7,89.2,,2.15,230,190,5,0.55,0.2,3,35,180,,,,,80,590,,,0.25,0.6,20,,1
17069,ATOL DE PLATANO (GUATEMALA),Bebidas diversas,17,,52,0.13,0.04,13.4,,0.12,1,4,0.11,0.01,0.01,0.08,3,101,,,,,,,,,,,,,1
17070,"BEBIDA NUTRITIVA- VITATOL, PREPARADA",Bebidas diversas,17,,40,1.58,0.18,8.22,0,0.35,39,40,0.35,0.06,0.07,0.43,0,114,0.01,0,0.01,0,42,12,0.09,3,0.01,0.09,1,,1
17071,"BEBIDA DE CHOCOLATE CON LECHE, POLVO (MILO)",Bebidas diversas,17,,420,11,10,68,,,547,775,9.6,1.85,1.67,11.92,80,,,,,,,,,100,2.24,1.08,,,1
17072,"BEBIDA NUTRITIVA- INCAPARINA, POLVO INSTANTANEO",Bebidas diversas,17,6,363,17.65,2,62.5,,4.5,,,,,,,,,,,,,,,,,,,,,1
17073,"REFRESCO DE CEREALES, AVENA, POLVO (CEREVITA)",Bebidas diversas,17,,381,7.5,3.9,79.1,,2.9,510,335,5,0.55,0.2,3,35,180,,,,,200,480,,,0.25,0.6,20,,1
17074,"REFRESCO DE CEREALES, HORCHATA, POLVO (CEREVITA)",Bebidas diversas,17,,384,1.6,0.15,94,,0.6,95,75,5,0.55,0.2,3,35,180,,,,,30,120,,,0.25,0.6,20,,1
17075,"REFRESCO DE CEREALES, SABOR CHOCOLATE, POLVO (CEREVITA)",Bebidas diversas,17,,373,6.7,1.5,83,,2.2,90,130,5,0.55,0.2,3,35,180,,,,,260,410,,,0.25,0.6,20,,1
17076,"BEBIDA - DEPORTISTAS, SABOR FRUTAS, BAJA EN CALORIAS, LIQUIDO",Bebidas diversas,17,96.8,11,0,0,3,0,0.2,0,9,0.05,0,0,0,6,0,0,0,0,0,10,35,0.02,1,0,0,0,0,1
17077,"BEBIDA - DEPORTISTAS, GATORADE, POLVO",Bebidas diversas,17,2.7,364,0,0,95.3,,2,,,,,,,,,,,,,201,603,,,,,,,1
17078,"BEBIDA - DEPORTISTAS, SABOR FRUTAS, LIQUIDO",Bebidas diversas,17,92.94,27,0,0.1,6.76,0,0.2,1,7,0.22,0.01,0.82,0.62,0,0,0,0,0,0,14,30,0.2,2,0.06,0.45,0,0,1
17079,"BEBIDA ALCOHOLICA, PIÑA COLADA, ENLATADA",Bebidas diversas,17,54.9,237,0.6,7.6,27.6,0.1,0.3,1,36,0.03,0.02,0,0.1,2,1,0.44,0.14,6.57,0,83,71,0.2,6,0.02,0,0,6,1
17080,"BEBIDA GASEOSA O CARBONATADA, TIPO TONICA",Bebidas diversas,17,91.1,34,0,0,8.8,0,0.1,1,0,0.01,0,0,0,0,0,0,0,0,0,0,12,0.1,0,0,0,0,0,1
17081,"CAFE CON COCOA (MOCA), DECAFEINADO, POLVO",Bebidas diversas,17,3.1,257,9,13.21,71.4,4.8,3.29,60,451,3.06,0.02,0.11,4.66,0,0,0.95,0.35,11.38,0,1856,500,1.01,122,0.03,0,0,5,1
17082,CAFE DE CEREALES PREPARADO CON AGUA,Bebidas diversas,17,98.37,6,0.1,0.04,1.3,0.4,0.18,3,10,0.08,0.01,0,0.29,0,0,0.01,0.02,0.01,0,41,4,0.01,5,0.01,0,0,1,1
17083,"CAFE EXPRESO, RESTAURANTE",Bebidas diversas,17,97.8,2,0.12,0.18,0,0,0.23,2,7,0.13,0,0.18,5.21,0,0,0,0.09,0.09,0,115,14,0.05,80,0,0,0,1,1
17084,"CAFE INSTANTANEO, SABOR CAPUCHINO, C/AZUCAR, POLVO",Bebidas diversas,17,1.3,406,3.1,5.56,85.94,1.2,4.1,133,183,0.48,0.11,0.04,2.26,1,0,1.6,0.24,3.42,2,831,180,0.25,43,0.04,0.38,0,5,1
17085,"FORMULA NUTRITIVA ENSURE,  LIQUIDO",Bebidas diversas,17,69.84,141,5.16,4.52,19.88,0,0.6,79,79,1.79,0.15,0.17,1.98,12,149,1.28,3.11,0.67,2,175,95,1.51,40,0.2,0.6,40,67,1
17086,"TE DE MANZANILLA, PREPARADO C/AGUA S/AZUCAR",Bebidas diversas,17,99.7,1,0,0,0.2,0,0,2,0,0.08,0.01,0,0,0,1,0,0,0,0,9,1,0.04,1,0,0,0,1,1
17087,"BEBIDA MALTEADA NATURAL, EN POLVO",Bebidas diversas,17,2,429,14.29,9.52,71.43,0.9,2.98,298,358,0.7,0.5,0.92,5.25,3,82,2.03,1.43,4.76,24,758,405,0.99,93,0.41,0.8,0,46,1
17088,"BEBIDA MALTEADA NATURAL, PREPARADA CON LECHE",Bebidas diversas,17,81.4,88,3.86,3.62,10.23,0.1,0.89,117,106,0.09,0.08,0.24,0.52,0,33,0.9,0.28,2.04,12,183,79,0.43,17,0.07,0.46,0,8,1
17089,"LECHE DE SOYA, POLVO (ATOMIZADA)",Bebidas diversas,17,3.4,512,37.9,30,22.6,,6.1,329,7,5.9,0.91,0.26,1.5,,10,,,,,,,,,,,,,1
17090,"BEBIDA DE SOYA, LIQUIDA (AdeS)",Bebidas diversas,17,,40,2.6,1.52,4,0.6,,19,19,0.34,,,,6,19,,,,,,,,,0.05,0.02,,,1
17091,"BEBIDA DE SOYA, POLVO, INSTANTANEA (DELISOYA)",Bebidas diversas,17,,469,26.5,24.1,36.5,,,900,750,8.4,0.3,1.2,0.7,9,960,,,,11,1500,,8.4,80,0.3,3.5,40,,1
18001,CROISSANT DE MANTEQUILLA,Postres,18,23.2,406,8.2,21,45.8,2.6,1.6,37,105,2.03,0.39,0.24,2.19,0,206,5.53,1.09,11.66,67,118,744,0.75,16,0.06,0.16,60,130,1
18002,CROISSANT DE MANZANA,Postres,18,45.6,254,7.4,8.7,37.1,2.5,1.2,30,58,1.1,0.23,0.16,1.6,1,94,2.39,0.63,4.99,31,90,274,1.03,13,0.03,0.2,44,88,1
18003,CROISSANT DE QUESO,Postres,18,21,414,9.2,20.9,47,2.6,1.9,53,130,2.15,0.52,0.32,2.16,0,204,6.51,2.38,10.63,57,132,555,0.94,24,0.07,0.32,41,103,1
18004,DONAS CON CUBIERTA DE CHOCOLATE,Postres,18,16.3,417,4.5,19.9,57.4,2.2,1.8,213,162,2.27,0.05,0.07,0.47,0,12,11.28,2.48,5.13,57,106,340,0.57,34,0.03,0.1,28,65,1
18005,DONAS CON CUBIERTA DE AZUCAR,Postres,18,19.6,426,5.2,22.9,50.8,1.5,1.5,60,117,1.06,0.23,0.2,1.51,0,3,12.7,2.91,5.93,32,102,402,0.44,17,0.03,0.24,34,70,1
18006,DONAS CON RELLENO DE JALEA,Postres,18,35.6,340,5.9,18.7,39,0.9,0.8,25,85,1.76,0.31,0.14,2.14,0,17,10.23,2.38,4.84,26,79,293,0.75,20,0.1,0.22,51,104,1
18007,"FLAN SABOR DE CHOCOLATE, POLVO",Postres,18,4,387,2.6,2.1,89.3,4.5,2,53,88,1.82,0.01,0.2,0.33,0,0,0.69,0.07,1.21,1,209,353,0.9,67,0.02,0,0,4,1
18008,"FLAN SABOR DE CHOCOLATE, PREPARADO C/ LECHE",Postres,18,73.3,119,3.21,3.15,19.4,0.8,0.94,96,87,0.35,0.04,0.19,0.15,0,24,0.81,0.18,1.81,9,150,98,0.48,20,0.03,0.3,0,4,1
18009,"FLAN SABOR DE VAINILLA, POLVO",Postres,18,3.9,379,0.3,0.4,93.5,0.6,2,5,2,0.08,0,0.01,0,0,0,0.03,0.17,0.09,0,20,754,0.02,0,0,0,0,0,1
18010,"FLAN SABOR DE VAINILLA, PREPARADO C/ LECHE",Postres,18,74.66,112,2.86,2.9,18.68,0.1,0.92,89,74,0.04,0.03,0.16,0.09,0,25,0.71,0.2,1.64,9,119,156,0.34,9,0.03,0.31,0,4,1
18011,"GELATINA, TODO SABOR, POLVO",Postres,18,1,381,7.8,0,90.5,0,0.7,3,141,0.13,0,0.04,0.01,0,0,0,0,0,0,7,466,0.01,2,0,0,0,3,1
18012,"GELATINA, TODO SABOR, PREPARADA C/AGUA",Postres,18,84.39,62,1.22,0,14.19,0,0.2,3,22,0.02,0,0.01,0,0,0,0,0,0,0,1,75,0.01,1,0,0,0,1,1
18013,"HELADO-NIEVE, DISTINTAS FRUTAS, NO COMERCIAL",Postres,18,,113,0.05,0.02,29.17,0.14,0.09,3,1,0.09,0.01,0.01,0.02,7,279,0.01,0.02,0,0,13,0,0.01,2,0.01,0,1,,1
18014,"HELADO-NIEVE, DISTINTAS FRUTAS, COMERCIAL",Postres,18,66.9,128,0.4,0,32.6,0,0,2,1,0.16,0,0,0.01,1,0,0,0,0,0,3,22,0.02,1,0,0,0,0,1
18015,"HELADO-NIEVE, LECHE",Postres,18,,142,1.15,1.22,32.58,0,0.27,55,30,0.14,0.01,0.07,0.04,0,320,0.35,0.04,0.73,5,53,17,0.13,5,0.01,0.13,2,,1
18016,"HELADO-NIEVE, SABOR ARTIFICIAL",Postres,18,88.8,44,0,0.2,11,,0,4,2,0.5,0.06,0.01,0,4,,,,,,,,,,,,,,1
18017,"HELADO-CREMA O ICE CREAM, CHOCOLATE",Postres,18,55.7,216,3.8,11,28.2,1.2,1,109,107,0.93,0.04,0.19,0.23,1,118,3.21,0.41,6.8,34,249,76,0.58,29,0.05,0.29,0,16,1
18018,"HELADO-CREMA O ICE CREAM, FRESA",Postres,18,60,192,3.2,8.4,27.6,0.9,0.7,120,100,0.21,0.05,0.25,0.17,8,96,,,5.19,29,188,60,0.34,14,0.05,0.3,0,12,1
18019,"HELADO-CREMA O ICE CREAM, VAINILLA",Postres,18,61,201,3.5,11,23.6,0.7,0.9,128,105,0.09,0.04,0.24,0.12,1,118,2.97,0.45,6.79,44,199,80,0.69,14,0.05,0.39,0,5,1
18020,PASTEL AMARILLO SIMPLE O MAGDALENA,Postres,18,23.1,389,5.2,17.9,52.5,1,1.4,64,134,0.6,0.02,0.12,0.34,0,35,9.94,2.25,4.65,58,106,400,0.39,13,0.02,0.14,0,9,1
18021,"PASTEL AMARILLO, HARINA COMERCIAL",Postres,18,3.7,432,4.4,11.6,78.1,1.1,2.3,135,310,0.48,0.08,0.05,0.31,0,0,4.86,4.38,1.74,2,82,657,0.27,10,0.08,0.1,0,9,1
18022,"PASTEL BLANCO, HARINA COMERCIAL",Postres,18,4,426,4.5,10.9,78,0.9,2.7,192,337,1.39,0.23,0.2,1.08,0,0,4.59,4.1,1.64,0,117,664,0.46,11,0.03,0.18,80,147,1
18023,PASTEL DE CHOCOLATE,Postres,18,22.9,367,4.1,16.4,54.6,2.8,1.7,43,122,2.2,0.03,0.13,0.58,0,26,8.76,1.85,4.77,42,200,334,0.69,34,0.04,0.14,9,23,1
18024,"PASTEL DE CHOCOLATE, HARINA COMERCIAL",Postres,18,3.1,428,5.9,15.6,73,2.4,1.9,150,270,4.5,0.17,0.16,1.6,0,1,6.31,5.04,3.26,0,330,825,0.8,47,0.04,0,47,95,1
18025,PASTEL COFFECAKE,Postres,18,21.9,418,6.8,23.3,46.7,2,1.4,54,108,0.78,0.14,0.09,0.88,0,33,12.98,3.12,5.8,32,123,351,0.81,22,0.03,0.18,0,32,1
18026,PASTEL DE FRUTAS CRISTALIZADAS,Postres,18,25.3,324,2.9,9.1,61.6,3.7,1,33,52,2.07,0.05,0.1,0.79,1,7,4.2,3.32,1.05,5,153,270,0.27,16,0.05,0.01,17,32,1
18027,PASTEL DE QUESO (CHEEESECAKE),Postres,18,45.6,321,5.5,22.5,25.5,0.4,0.9,51,93,0.63,0.03,0.19,0.19,0,142,8.63,1.6,9.92,55,90,207,0.51,11,0.05,0.17,3,20,1
18028,PIE DE LIMON,Postres,18,41.7,268,1.5,8.7,47.2,1.2,0.9,56,105,0.61,0.06,0.21,0.65,3,51,2.68,3.65,1.77,45,89,146,0.49,15,0.03,0.17,16,35,1
18029,PIE DE MANZANA,Postres,18,52.2,237,1.9,11,34,1.6,0.9,11,24,1.21,0.13,0.16,1.12,3,29,4.39,2.2,3.8,0,65,266,0.16,7,0.04,0.01,0,4,1
18030,PIE DE MELOCOTON,Postres,18,54.4,223,1.9,10,32.9,0.8,0.8,8,22,0.5,0.06,0.03,0.2,1,10,4.24,3.75,1.51,0,125,270,0.09,6,0.02,0,25,47,1
18031,"ROLLOS DULCES,  C/CANELA",Postres,18,24.8,372,6.2,16.4,50.9,2.4,1.7,72,76,1.6,0.32,0.26,2.38,2,62,4.8,7.47,3.08,66,111,383,0.59,17,0.11,0.14,48,106,1
18032,"ROLLOS DULCES,  C/QUESO",Postres,18,29.4,360,7.1,18.3,43.7,1.2,1.4,118,98,0.76,0.15,0.13,0.83,0,,9.06,2.03,6.06,76,137,357,0.63,19,0.07,0.3,12,51,1
18033,MUFFIN DE TRIGO,Postres,18,42.3,223,8.7,2,44.8,4.6,2.3,178,107,2.87,0.43,0.29,3.36,0,0,0.28,0.83,0.29,0,186,382,1.07,37,0.09,0,25,82,1
18034,MUFFIN DE MEZCLA DE CEREALES,Postres,18,40.2,235,9.1,1.8,46.3,2.8,2.5,196,81,3.02,0.43,0.31,3.58,0,0,0.83,0.56,0.23,0,156,416,1.39,41,0.04,0,45,112,1
18035,MUFFIN DE AVENA,Postres,18,35,270,7,7.4,48.3,4.6,2.3,63,376,4.2,0.26,0.09,0.42,0,0,1.7,4.13,1.09,0,507,393,1.84,157,0.16,0.01,71,139,1
18036,"HELADO-CREMA O ICE CREAM, CHOCOLATE, SIN GRASA",Postres,18,63.2,136,3.89,2.17,30.18,5.8,0.56,126,,0.84,,,,1,,,,1.38,7,,75,,,,,,,1
18037,"HELADO-CREMA O ICE CREAM, VAINILLA, SIN GRASA",Postres,18,63.42,137,3.3,2.2,30.51,5.4,0.57,122,,0.09,,,,1,,,,1.41,8,,73,,,,,,,1
18038,"HELADO-CREMA O ICE CREAM, VAINILLA, SIN AZUCAR",Postres,18,67.86,143,3.68,6.2,21.92,0.5,0.84,133,,0.09,,,,1,,,,3.9,18,,66,,,,,,,1
18039,CHOCOBANANO,Postres,18,,138,1.48,1.63,32.06,2.28,1.05,13,39,0.68,0.04,0.06,0.62,13,11,0.61,0.13,1.06,0,436,4,0.15,27,0.55,0,18,,1
19001,"BEBIDA-BEBE, JUGO PROCESADO,  FRUTAS MIXTAS",Comidas infantiles,19,87.9,47,0.1,0.1,11.6,0.1,0.2,8,5,0.34,0.02,0.01,0.12,64,2,0.01,0.04,0.01,0,101,4,0.03,5,0.04,0,0,7,1
19002,"BEBIDA-BEBE, JUGO PROCESADO,  MANZANA",Comidas infantiles,19,88,47,0,0.1,11.7,0.1,0.2,4,5,0.57,0.01,0.02,0.08,58,1,0,0.03,0.02,0,91,3,0.03,3,0.03,0,0,0,1
19003,"BEBIDA-BEBE, JUGO PROCESADO,  MANZANA Y MELOCOTON",Comidas infantiles,19,89,42,0.2,0.1,10.5,0.1,0.3,3,4,0.56,0.01,0.01,0.21,59,3,0,0.03,0.02,0,97,1,0.03,3,0.02,0,0,1,1
19004,"BEBIDA-BEBE, JUGO PROCESADO,  MANZANA Y UVA",Comidas infantiles,19,88.1,46,0.1,0.2,11.34,0.1,0.26,6,5,0.39,0.01,0.02,0.11,136,0,0.01,0.06,0.04,0,90,3,0.04,3,0.03,0,0,1,1
19005,"BEBIDA-BEBE, JUGO PROCESADO,  NARANJA",Comidas infantiles,19,88.5,44,0.6,0.3,10.2,0.1,0.4,12,11,0.17,0.05,0.03,0.24,63,3,0.05,0.06,0.04,0,184,1,0.06,9,0.05,0,0,26,1
19006,"BEBIDA-BEBE, JUGO PROCESADO,  NARANJA Y PIÐA",Comidas infantiles,19,87.3,48,0.5,0.1,11.7,0.1,0.4,8,9,0.42,0.05,0.02,0.19,53,2,0.01,0.02,0.01,0,141,2,0.04,9,0.06,0,0,19,1
19007,"CEREAL-CERELAC, TRIGO C/LECHE",Comidas infantiles,19,2.5,419,15.5,9,68.9,1.4,2.7,400,330,7.5,0.8,0.3,4,35,310,,,,,530,180,,,,0.75,22,,1
19008,"CEREAL-CERELAC, TRIGO, BANANO C/LECHE",Comidas infantiles,19,2.6,413,15.5,9,67.5,2,3.4,452,373,7.5,0.8,0.3,4,35,309,,,,,772,203,,,,0.75,23,,1
19009,"CEREAL-CERELAC, TRIGO, MILO C/LECHE",Comidas infantiles,19,2.5,414,15.5,9,67.8,1.9,3.3,500,405,7.5,0.8,0.3,4,35,309,,,,,630,205,,,,0.75,23,,1
19010,"CEREAL-GERBER,  ARROZ",Comidas infantiles,19,5.8,380,4,3.5,83,1,,451,330,26,0.63,,16,130,313,,,,,130,240,12,48,1.15,0.72,32,,1
19011,"CEREAL-GERBER,  ARROZ C/LECHE",Comidas infantiles,19,1.9,399,14.9,5.7,72.1,5.2,5.4,1000,780,20,0.8,0.9,15,85,200,,,,,665,216,,,0.14,0.51,16,,1
19012,"CEREAL-GERBER,  AVENA",Comidas infantiles,19,6.6,390,12,7,70,6,,451,329,26,0.6,,16,129,313,,,,,320,220,12,47,1.14,0.71,32,,1
19013,"CEREAL-GERBER,  CEBADA",Comidas infantiles,19,6.8,374,9.2,3.2,77,2.8,3.8,634,528,40,0.67,0.25,15,85,200,,,,,359,10,,,0.23,0,23,,1
19014,"CEREAL-GERBER,  MAIZ",Comidas infantiles,19,7.5,374,6.8,2,81.1,1.9,2,634,528,40,0.67,0.25,15,85,200,,,,,86,2,,,0.07,0,12,,1
19015,"CEREAL-GERBER,  TRIGO C/MANZANA",Comidas infantiles,19,2.5,409,10.4,6.8,76.5,5.5,3.8,634,528,20,0.67,0.25,15,85,200,,,,,550,141,,,0.26,0,38,,1
19016,"CEREAL-GERBER,  TRIGO C/LECHE",Comidas infantiles,19,1.2,404,14.8,5.9,72.8,2.1,5.3,1000,780,20,0.8,0.92,15,85,200,,,,,713,238,,,0.11,0.58,18,,1
19017,"CEREAL-GERBER,  AVENA C/LECHE Y BANANO",Comidas infantiles,19,1.6,402,14.7,6,72.3,1.5,5.4,1000,780,20,0.8,0.92,15,85,200,,,,,788,200,,,0.12,0.65,11,,1
19018,"CEREAL-NESTUM,  ARROZ",Comidas infantiles,19,4,379,6.1,0.7,87,1.6,0.6,100,80,15,0.55,,8,65,210,,,,,83,170,,,0,0,17,,1
19019,"CEREAL-NESTUM,  AVENA",Comidas infantiles,19,4,369,10,5.2,70.7,4.6,3.1,675,440,15,0.9,,4.8,80,750,,,,,285,295,10,,0.25,0.5,90,,1
19020,"CEREAL-NESTUM,  INTEGRAL",Comidas infantiles,19,4,350,10.9,2.4,71.7,8.3,3.3,350,290,15,0.55,,8,65,210,,,,,330,440,,,,0,19,,1
19021,"CEREAL-NESTUM,  MIXTO  4 CEREALES",Comidas infantiles,19,3.8,373,9.5,1.2,81,2.8,1.7,150,120,18.5,0.4,,11,85,200,,,,,140,280,,,0,0,17,,1
19022,"CEREAL-NESTUM, TRIGO C/MIEL",Comidas infantiles,19,3,371,8.6,0.9,82.2,2.1,1.3,125,90,15,0.9,,1.8,80,750,,,,,110,295,10,,0.25,0.5,90,,1
19023,"CEREAL-NESTUM, TRIGO C/CHOCOLATE",Comidas infantiles,19,4,372,8.9,1.5,80.8,3.8,1,140,110,15,0.55,,8,65,210,,,,,630,205,,,0.27,0.5,18,,1
19024,"COMIDA-BEBE, PURE PROCESADO,  VEG, Y JAMON P1",Comidas infantiles,19,87,60,2.02,1.89,8.65,1,0.45,14,33,0.24,0.03,0.04,0.51,1,144,0.81,0.45,0.48,3,97,87,0.3,8,0.05,0.03,0,8,1
19025,"COMIDA-BEBE, PURE PROCESADO,  MACARRONES, TOMATE Y RES",Comidas infantiles,19,86.34,61,2.36,1.47,9.45,1.2,0.37,17,39,0.46,0.04,0.04,0.71,0,44,0.59,0.19,0.49,7,112,38,0.54,12,0.06,0.15,4,12,1
19026,"COMIDA-BEBE, PURE PROCESADO,  PAVO Y ARROZ",Comidas infantiles,19,88.22,52,2.27,1.24,7.94,0.9,0.33,18,34,0.29,0.02,0.04,0.65,0,81,0.45,0.31,0.34,5,91,20,0.4,8,0.05,0.02,0,4,1
19027,"COMIDA-BEBE, PURE PROCESADO,  PAVO Y VEGETALES",Comidas infantiles,19,82.3,80,4.8,3.4,8,,1.4,46,57,0.6,0.02,0.09,0.59,3,105,,,,,166,334,0.32,16,0.06,0.44,0,3,1
19028,"COMIDA-BEBE, PURE PROCESADO,  POLLO Y FIDEOS",Comidas infantiles,19,85.64,66,2.69,2.06,9.08,2.1,0.53,27,46,0.64,0.04,0.06,0.72,0,110,0.85,0.46,0.6,16,139,23,0.55,14,0.06,0.02,3,13,1
19029,"COMIDA-BEBE, PURE PROCESADO,  POLLO Y VEGETALES",Comidas infantiles,19,86.9,59,2.47,1.73,8.42,2.1,0.49,27,47,0.53,0.03,0.05,0.72,0,207,0.71,0.37,0.5,11,158,24,0.48,14,0.07,0.01,0,5,1
19030,"COMIDA-BEBE, PURE PROCESADO,  RES Y ARROZ",Comidas infantiles,19,81.9,82,5,2.9,8.8,,1.4,11,35,0.69,0.02,0.07,1.34,4,25,,,,,120,357,0.92,8,0.14,0.51,0,6,1
19031,"COMIDA-BEBE, PURE PROCESADO,  RES Y VEGETALES",Comidas infantiles,19,84.3,96,2.03,6.93,6.36,1.8,0.38,19,24,0.33,0.03,0.06,0.7,0,222,3.12,0.9,2.84,12,127,23,0.35,15,0.08,0.09,0,11,1
19032,"COMIDA-BEBE, PURE PROCESADO,  VEGETALES MIXTOS",Comidas infantiles,19,88.7,41,1.2,0.1,9.5,,0.5,22,24,0.33,0.01,0.03,0.5,3,136,,,,,121,8,0.16,11,0.08,0,0,8,1
19033,"COMIDA-BEBE, PURE PROCESADO,  VEG,, FIDEOS Y PAVO",Comidas infantiles,19,90.3,44,1.2,1.2,6.8,1.1,0.4,32,25,0.19,0.02,0.04,0.25,1,50,,,,,63,21,0.27,8,0.02,0.1,0,2,1
19034,"COMIDA-BEBE, PURE PROCESADO,  VEG,, FIDEOS Y POLLO",Comidas infantiles,19,87.2,63,2,2.5,7.9,1.1,0.4,28,31,0.35,0.03,0.05,0.41,1,71,,,,,55,20,0.25,10,0.02,0.08,0,3,1
19036,"COMIDA-BEBE, PURE PROCESADO,  VEG, Y JAMON P2",Comidas infantiles,19,87.47,59,2.19,2.14,7.8,1.6,0.41,16,33,0.41,0.04,0.05,0.68,2,144,0.96,0.23,0.76,5,141,16,0.32,12,0.07,0.06,0,3,1
19037,"COMIDA-BEBE, PURE PROCESADO,  VEG, Y PAVO",Comidas infantiles,19,88.82,48,2.32,0.9,7.62,1.5,0.35,27,44,0.37,0.02,0.02,0.47,1,220,0.29,0.24,0.24,4,102,20,0.7,13,0.04,0.02,0,10,1
19038,"COMIDA-BEBE, PURE PROCESADO,  VEG, Y POLLO",Comidas infantiles,19,87.76,53,2.04,1.12,8.66,1.1,0.42,27,32,0.33,0.03,0.05,0.63,0,131,0.4,0.27,0.3,7,83,76,0.3,8,0.05,0.02,0,3,1
19039,"COMIDA-BEBE, PURE PROCESADO,  VEG, Y RES",Comidas infantiles,19,87.04,63,2.59,2.43,7.7,2.2,0.24,17,45,0.58,0.03,0.05,0.83,0,146,1.01,0.14,1.03,6,158,19,0.56,15,0.07,0.18,0,8,1
19040,"COMIDA-BEBE, PURE PROCESADO,  ZANAHORIA",Comidas infantiles,19,92.3,27,0.8,0.1,6,1.7,0.8,22,20,0.37,0.02,0.04,0.46,6,573,0,0.05,0.02,0,196,37,0.15,9,0.07,0,0,15,1
19041,"COMIDA-BEBE, PURE PROCESADO,  BANANO",Comidas infantiles,19,84,57,0.4,0.1,15.3,1.6,0.3,5,7,0.2,0.01,0.03,0.18,17,2,0.01,0.02,0.04,0,88,9,0.06,10,0.12,0,0,6,1
19042,"COMIDA-BEBE, PURE PROCESADO,  FRUTAS MIXTAS",Comidas infantiles,19,83.5,66,0.4,0.3,15.48,0.6,0.32,15,17,0.2,0.02,0.02,0.1,12,7,0.11,0.04,0.09,15,46,25,0.8,4,0.02,0.01,0,3,1
19043,"COMIDA-BEBE, PURE PROCESADO,  MANZANA",Comidas infantiles,19,88.6,41,0.2,0.2,10.8,1.7,0.2,4,7,0.22,0.01,0.03,0.06,38,1,0.01,0.06,0.03,0,71,2,0.02,3,0.03,0,0,2,1
19044,"COMIDA-BEBE, PURE PROCESADO,  MELOCOTON C/AZUCAR",Comidas infantiles,19,84,56,0.2,0.2,15,1.5,0.3,6,12,0.24,0.01,0.03,0.61,31,8,0.07,0.09,0.02,0,162,6,0.09,6,0.01,0,0,4,1
19045,"COMIDA-BEBE, PURE PROCESADO,  PERA",Comidas infantiles,19,88.4,41,0.3,0.2,10.8,3.6,0.3,8,12,0.24,0.01,0.03,0.19,25,1,0.04,0.05,0.01,0,130,2,0.08,8,0.01,0,0,4,1
19046,"COMIDA-BEBE, PURE PROCESADO,  PERA Y PIÑA",Comidas infantiles,19,88.5,41,0.3,0.1,10.9,2.6,0.3,10,9,0.25,0.02,0.03,0.21,28,1,0.02,0.03,0.01,0,116,4,0.07,7,0.02,0,0,3,1
19047,"BEBIDA-BEBE, JUGO PROCESADO,  FRUTAS MIXTAS C/YOGURT",Comidas infantiles,19,81.5,76,2.4,0.8,14.68,0.4,0.62,81,60,0.2,0.04,0.1,0.16,34,5,0.22,0.02,0.52,3,137,36,0.14,10,0.05,0.43,0,6,1
19048,"BEBIDA-BEBE, JUGO PROCESADO,  PERA",Comidas infantiles,19,87.9,47,0,0,11.86,0.1,0.24,12,12,0,0.01,0.03,0.3,34,0,0,0,0,0,130,0,0.08,8,0.01,0,0,4,1
19049,"BEBIDA-BEBE, JUGO PROCESADO,  ZANAHORIA Y NARANJA",Comidas infantiles,19,89.1,43,0.5,0.1,9.9,0.4,0.25,16,19,0.2,0.06,0.05,0.21,34,94,0.01,0.03,0.01,0,174,10,0.07,10,0.05,0,0,39,1
19050,"CEREAL-NESTUM,  MIXTO  5 CEREALES",Comidas infantiles,19,,366,10,1.5,72.9,5.2,3.2,415,260,15,0.9,,4.8,80,750,,,,,170,195,10,,0.25,0.5,90,,1
19051,"CEREAL-NESTUM,  ARROZ C/FRUTAS",Comidas infantiles,19,,364,5.2,0.6,84.4,2.9,2,275,225,15,0.9,,4.8,80,750,,,,,285,295,10,,0.25,0.5,90,,1
19052,"CEREAL-NESTUM,  AVENA C/BANANO",Comidas infantiles,19,,360,9.1,4.5,73.5,5.2,3.2,585,390,15,0.9,,4.8,80,750,,,,,430,285,10,,0.25,0.5,90,,1
19053,"CEREAL-NESTUM, TRIGO C/MANZANA HOJUELAS",Comidas infantiles,19,,369,7,0.95,83,3.1,1,145,90,15,0.9,,4.8,80,750,,,,,180,65,10,,0.25,0.5,90,,1
19054,"CEREAL-NESTUM, TRIGO C/LECHE",Comidas infantiles,19,,412,15,9,67.8,1.3,2.5,410,340,7.5,0.5,0.3,2.4,40,375,,,,,530,165,5,,0.25,0.7,50,,1
19055,"CEREAL-NESTUM, TRIGO",Comidas infantiles,19,,376,8.1,2.35,80.6,3.2,0.9,135,110,15,0.9,,4.8,80,750,,,,,170,25,10,,0.25,0.5,90,,1
19056,"CEREAL-GERBER,  ARROZ C/FRUTAS",Comidas infantiles,19,4,390,5,3.5,84,0,,451,329,26,0.63,,16,129,313,,,,,310,115,12,47,1.12,0.71,32,,1
19057,"CEREAL-GERBER,  MIXTO",Comidas infantiles,19,4.1,390,9,4,79,2,,451,330,26.5,0.64,,16.3,129,313,,,,,170,260,11.6,49,1.14,0.69,32,,1
19058,"CEREAL-GERBER,  TRIGO C/MIEL",Comidas infantiles,19,2.3,400,6,3.5,85,1,,450,330,26,0.64,,16,129,313,,,,,160,140,11.5,49,1.13,0.7,32,,1
19059,"COMIDA-BEBE, PURE PROCESADO, CEREAL, AVENA, MANZANA Y BANANO,",Comidas infantiles,19,82.2,73,1.3,0.7,15.4,0.8,0.4,9,41,5.65,0.42,0.37,5.04,22,2,0.22,0.25,0.13,0,47,2,0.35,11,0.2,0,0,4,1
19060,"COMIDA-BEBE, PURE PROCESADO, COMIDA, SOPA POLLO P2",Comidas infantiles,19,89.1,50,1.6,1.7,7.2,1.1,0.4,37,24,0.27,0.02,0.03,0.29,1,69,0.43,0.9,0.28,4,66,16,0.22,5,0.04,0.12,0,5,1
19061,"COMIDA-BEBE, PURE PROCESADO, FRUTA,  MANGO P2",Comidas infantiles,19,77.7,80,0.3,0.2,21.6,1,0.44,4,6,0.1,0.02,0.03,0.25,124,165,0.07,0.04,0.05,0,59,4,0.06,4,0.12,0,0,12,1
19062,"COMIDA-BEBE, PURE PROCESADO, FRUTA,  MANZANA Y PIÐA P2",Comidas infantiles,19,89.5,37,0.1,0.1,10.1,1.5,0.2,4,6,0.1,0.02,0.03,0.08,28,0,0.01,0.03,0.01,0,78,2,0.02,3,0.04,0,0,2,1
19063,"COMIDA-BEBE, PURE PROCESADO, FRUTA, ALBARICOQUE P2",Comidas infantiles,19,83.1,60,0.3,0,16.3,1.5,0.3,9,10,0.3,0.01,0.01,0.19,22,36,0,0,0,0,121,8,0.05,4,0.03,0,0,2,1
19064,"COMIDA-BEBE, PURE PROCESADO, FRUTA, BANANO Y PIÐA P2",Comidas infantiles,19,81.7,65,0.2,0,17.8,1.6,0.53,7,5,0.23,0.02,0.02,0.17,19,3,0,0.06,0,0,68,6,0.04,6,0.08,0,0,18,1
19065,"COMIDA-BEBE, PURE PROCESADO, FRUTA, BANANO, P1",Comidas infantiles,19,81.5,67,0.4,0.2,17.8,1.6,0.2,8,9,0.3,0.01,0.02,0.22,26,2,0.02,0.04,0.08,0,108,9,0.07,12,0.14,0,0,6,1
19066,"COMIDA-BEBE, PURE PROCESADO, FRUTA, CIRUELA P2",Comidas infantiles,19,80.3,69,0.6,0.1,18.5,2.7,0.5,15,15,0.35,0.02,0.08,0.52,1,23,0.07,0.02,0.01,0,177,5,0.09,10,0.08,0,0,1,1
19067,"COMIDA-BEBE, PURE PROCESADO, FRUTA, GUAYABA Y PAPAYA P2",Comidas infantiles,19,82.5,63,0.2,0.1,17,,0.2,7,6,0.2,0.01,0.02,0.26,81,9,,,,,74,4,0.06,5,0.01,0,0,2,1
19068,"COMIDA-BEBE, PURE PROCESADO, FRUTA, MANZANA, P1",Comidas infantiles,19,89.5,37,0,0,10.3,1.7,0.2,5,6,0.22,0.01,0.03,0.06,38,0,0,0,0,0,77,2,0.04,3,0.03,0,0,2,1
19069,"COMIDA-BEBE, PURE PROCESADO, FRUTA, MANZANA, P3",Comidas infantiles,19,87.5,51,0.2,0.1,12.1,0.9,0.13,10,13,0.2,0.01,0.02,0.08,31,2,0,0.03,0.02,0,50,13,0.04,6,0.05,0,0,1,1
19070,"COMIDA-BEBE, PURE PROCESADO, FRUTA, MELOCOTON, P3",Comidas infantiles,19,87.4,51,0.5,0.2,11.8,0.8,0.2,6,17,0.2,0.01,0.02,0.47,31,7,0.05,0.08,0.02,0,83,5,0.12,8,0.04,0,0,5,1
19071,"COMIDA-BEBE, PURE PROCESADO, FRUTA, PAPAYA Y MANZANA P2",Comidas infantiles,19,80.6,70,0.2,0.1,18.9,1.4,0.2,7,5,0.44,0.01,0.03,0.11,113,4,,,,,79,5,0.03,5,0.02,0,0,2,1
19072,"COMIDA-BEBE, PURE PROCESADO, FRUTA, PERAS, P1",Comidas infantiles,19,87.8,43,0.3,0.1,11.6,3.6,0.2,8,12,0.25,0.01,0.03,0.19,22,1,0.02,0.02,0.01,0,115,2,0.08,9,0.01,0,0,4,1
19073,"COMIDA-BEBE, PURE PROCESADO, FRUTA, PERAS, P3",Comidas infantiles,19,85.6,57,0.3,0.1,13.6,1.2,0.2,10,13,0.2,0.01,0.02,0.13,31,1,0.04,0.05,0.01,0,51,6,0.09,7,0.04,0,0,1,1
19074,"COMIDA-BEBE, PURE PROCESADO, FRUTAS MIXTAS C/YOGURT P2",Comidas infantiles,19,81.8,75,0.8,0.8,16.23,0.4,0.37,28,22,0.2,0.02,0.05,0.14,12,5,0.22,0.02,0.52,0,62,16,0.11,4,0.04,0,0,2,1
19075,"COMIDA-BEBE, PURE PROCESADO, POSTRE, FRUTAS, P2",Comidas infantiles,19,83.4,59,0.3,0,16,0.6,0.3,9,7,0.22,0.02,0.01,0.14,3,7,0,0,0,0,94,14,0.04,5,0.04,0,0,3,1
19076,"COMIDA-BEBE, PURE PROCESADO, POSTRE, MANZANA YOGURT,",Comidas infantiles,19,77.9,96,0.8,1.6,19.5,0.5,0.2,6,31,0,1.56,0.05,0,35,3,0.44,0.04,1.03,6,70,20,0.28,15,0.02,0.5,0,9,1
19077,"COMIDA-BEBE, PURE PROCESADO, POSTRE, MANZANA, P2",Comidas infantiles,19,79.5,75,0.2,0.4,19.74,1.4,0.16,5,3,0.2,0.01,0.01,0.05,21,2,0.08,0.01,0.19,0,33,16,0.01,2,0.01,0,0,1,1
19078,"COMIDA-BEBE, PURE PROCESADO, VERDURA,  AYOTE, P2",Comidas infantiles,19,92.7,24,0.8,0.2,5.6,2.1,0.6,24,15,0.3,0.01,0.06,0.35,8,101,0.01,0.08,0.04,0,179,2,0.14,12,0.06,0,0,15,1
19079,"COMIDA-BEBE, PURE PROCESADO, VERDURA,  AYOTE, P1",Comidas infantiles,19,92.8,24,0.8,0.2,5.6,2.1,0.6,24,16,0.35,0.01,0.06,0.38,8,101,0.01,0.08,0.04,0,185,1,0.08,12,0.07,0,0,15,1
19080,"COMIDA-BEBE, PURE PROCESADO, VERDURA, ZANAHORIA, P1",Comidas infantiles,19,91,32,0.8,0.2,7.2,1.7,0.7,23,20,0.39,0.02,0.04,0.5,6,591,0.01,0.09,0.04,0,202,49,0.18,11,0.08,0,0,17,1
19081,"FORMULA INFANTIL, ISOMIL CON HIERRO",Comidas infantiles,19,2.5,517,13.7,28.1,52.5,,3.4,532,380,7.8,0.49,0.46,5.3,53,600,,,,,578,243,6,41,0.3,2.3,100,,1
19082,"FORMULA INFANTIL, NAN 1",Comidas infantiles,19,3,509,9.5,27.7,57.9,,1.9,320,160,6.2,0.36,0.78,5.2,51,540,,,,,460,120,3.9,35,0.38,1.5,47,,1
19083,"FORMULA INFANTIL, NAN 2, BIFIDUS",Comidas infantiles,19,3,482,15.9,21.2,56.8,,3.1,550,395,8.2,0.72,1.2,13,48,580,,,,,650,205,5.8,43,0.96,0.9,140,,1
19084,"FORMULA INFANTIL, NAN SIN LACTOSA",Comidas infantiles,19,3,502,12.6,25,56.8,,2.6,420,245,3,0.35,0.75,5,50,530,,,,,600,170,4,50,0.38,1.5,45,,1
19085,"FORMULA INFANTIL, NAN SOYA",Comidas infantiles,19,3,502,14,25,55.3,,2.7,450,320,6,0.35,0.75,5,80,530,,,,,600,170,6,50,0.38,1.5,45,,1
19086,"FORMULA INFANTIL, NURSOY",Comidas infantiles,19,2,515,14,27,54,0.05,3,508,379,9.1,0.75,1.14,4.5,68,568,,,,,545,144,4.5,51,0.46,1.5,61,,1
19087,"FORMULA INFANTIL, PROMIL GOLD, ETAPA 2",Comidas infantiles,19,2,477,16,20,59,,4.4,821,464,7.1,0.71,1.07,3.5,64,536,,,,,714,250,3.6,61,0.43,1.4,57,,1
19088,"FORMULA INFANTIL, SIMILAC ADVANCE 1, CON HIERRO",Comidas infantiles,19,2.3,526,10.9,28.9,55.5,,,410,221,9.5,0.52,0.79,5.5,47,473,,,,,552,126,3.94,32,0.32,1.31,79,,1
19089,"FORMULA INFANTIL, SIMILAC ADVANCE 1, SIN LACTOSA (LF)",Comidas infantiles,19,2,513,11,27.7,54.9,,3.1,433,273,9.11,0.49,0.34,5.3,42,456,,,,,547,152,3.8,31,0.31,1.14,76,,1
19090,"FORMULA INFANTIL, SIMILAC ADVANCE 1, BAJA EN HIERRO",Comidas infantiles,19,3.3,511,10.8,27,56.2,0,2.7,400,270,9.3,0.41,0.72,5.2,62,470,10.63,5.3,11.5,17,560,139,5.2,41,0.31,1.55,83,141,1
19091,"FORMULA INFANTIL, ENFAMIL PREMIUM 1, CON HIERRO (DHA Y ARA)",Comidas infantiles,19,3.3,511,10.8,27,56.2,0,2.7,400,270,9.3,0.41,0.72,5.2,62,470,10.63,5.3,11.5,17,560,139,5.2,41,0.31,1.55,83,141,1
19092,"FORMULA INFANTIL, ENFAMIL PREMIUM 1, CON HIERRO",Comidas infantiles,19,3.3,520,10.8,27,56.2,0,2.7,400,270,9.3,0.41,0.72,5.2,62,470,10.3,5.2,11.5,17,560,139,5.2,41,0.31,1.55,83,141,1
19093,"FORMULA INFANTIL, ENFAMIL PREMIUM 1 SOYA, CON HIERRO",Comidas infantiles,19,3,510,12.5,27,54.3,0,3.2,530,420,9,0.4,0.45,5,60,450,10.32,5.2,11.5,0,600,180,6,55,0.3,1.5,80,136,1
19094,"FORMULA INFANTIL, ENFAMIL PREMIUM 1 SOYA, CON HIERRO (DHA Y ARA)",Comidas infantiles,19,3,480,15.6,21,57.1,0,3.3,920,620,9.5,0.38,0.43,4.7,57,430,7.8,4.2,8.9,0,570,171,6,52,0.28,1.42,76,129,1
19095,"FORMULA INFANTIL, ENFAMIL PREMIUM 2 SOYA, CON HIERRO",Comidas infantiles,19,3,480,15.6,21,57.1,0,3.3,920,620,9.5,0.38,0.43,4.7,57,430,7.8,4.2,8.9,0,570,171,5.7,52,0.28,1.42,76,129,1
19096,"FORMULA INFANTIL, ENFAMIL PREMIUM 2 SOYA, CON HIERRO (DHA Y ARA)",Comidas infantiles,19,3,470,15.6,25,53.1,0,3.3,920,620,9.5,0.38,0.43,4.7,57,430,7.8,4.2,8.9,0,570,171,5.7,52,0.28,1.42,76,129,1
19097,"FORMULA INFANTIL, ENFAMIL SIN LACTOSA, CON HIERRO",Comidas infantiles,19,2.2,521,10.9,28,56.3,0,2.6,430,290,9.4,0.42,0.13,5.2,62,470,10.4,5.5,11.9,8,580,156,5.2,42,0.31,1.56,83,141,1
19098,"FORMULA INFANTIL, ENFAMIL SIN LACTOSA, CON HIERRO (DHA Y ARA)",Comidas infantiles,19,2.2,521,10.9,28,56.3,0,2.6,430,290,9.4,0.42,0.73,5.2,62,470,10.4,5.5,11.9,7,570,156,5.2,42,0.31,1.56,83,141,1
20001,PASTA O SPREAD PARA SANDWICH,"Aderezos, salsas y sopas",20,40.8,389,0.9,34,22.4,0.4,2,14,26,0.2,0.01,0.02,0.01,0,22,7.4,20,5.1,76,35,1000,0.81,2,0.02,0.21,0,6,1
20002,"ADEREZO ENSALADA,  TIPO FRANCES, NO COMERCIAL","Aderezos, salsas y sopas",20,24.2,631,0.1,70.2,3.4,0,1.8,6,3,0.2,0.01,0.02,0.13,1,26,20.7,33.7,12.6,0,24,658,0,0,0,0,0,0,1
20003,"ADEREZO ENSALADA,  TIPO FRANCES S/SAL","Aderezos, salsas y sopas",20,36.56,459,0.77,44.81,15.58,0,2.29,24,19,0.8,0.02,0.05,0.19,0,23,8.43,21.03,5.65,0,67,0,0.29,5,0,0,0,0,1
20004,"ADEREZO ENSALADA,  TIPO ITALIANO S/SAL","Aderezos, salsas y sopas",20,56.4,292,0.38,28.37,10.43,0,4.42,7,9,0.63,0.01,0.02,0,0,2,6.32,12.94,4.47,67,48,30,0.13,3,0.06,0,0,0,1
20005,CALDO DE FRIJOL,"Aderezos, salsas y sopas",20,92.5,22,1.9,0.1,3.5,,2,12,15,0.1,0.14,0.04,0.58,0,,,,,,,,,,,,,,1
20006,"CALDO DE POLLO,  O GALLINA","Aderezos, salsas y sopas",20,89.1,89,0.2,9.8,0,,1.4,5,30,0.4,0.02,0.04,1.08,0,,,,,,,,,,,,,,1
20007,"CALDO DE POLLO,  CONDENSADO,  ENLATADO","Aderezos, salsas y sopas",20,91.96,31,4.42,1.04,0.75,0,1.83,6,60,0.41,0.01,0.05,2.23,0,0,0.47,0.22,0.31,1,170,626,0.2,2,0.02,0.2,0,4,1
20008,"CALDO DE RES,","Aderezos, salsas y sopas",20,92.4,40,1.2,2.4,3.3,,0.7,14,46,0.9,0.05,0.06,0.96,6,,,,,,,,,,,,,,1
20009,"CALDO DE RES,  CONDENSADO,  ENLATADO","Aderezos, salsas y sopas",20,92.6,24,4.37,0,1.44,0,1.59,7,26,0.43,0.02,0.02,0.58,1,0,,,0,0,125,520,0.3,0,0.02,0,0,2,1
20010,"CALDO DE POLLO,  DESHIDRATADO,  EN CUBITOS","Aderezos, salsas y sopas",20,2.5,198,14.6,4.7,23.5,0,54.7,190,191,1.87,0.19,0.38,3.9,1,0,1.95,1.63,1.25,13,374,24000,0.2,56,0.1,0.3,0,32,1
20011,"CALDO DE POLLO,  DESHIDRATADO,  EN POLVO","Aderezos, salsas y sopas",20,2.27,267,16.66,13.88,18.01,0,49.18,187,166,1.03,0.1,0.43,2.46,1,0,5.36,4.48,3.43,13,309,18586,0.09,56,0.1,0.3,0,32,1
20012,"CALDO DE RES,  DESHIDRATADO,  EN CUBITOS","Aderezos, salsas y sopas",20,3.3,170,17.3,4,16.1,0,59.3,60,225,2.23,0.2,0.24,3.3,0,0,1.67,0.16,1.99,4,403,24000,0.21,50,0.2,1,0,32,1
20013,"CALDO DE RES,  DESHIDRATADO,  EN POLVO","Aderezos, salsas y sopas",20,3.27,238,15.97,8.89,23.65,0,48.22,60,320,1,0.07,0.24,4.47,0,0,3.62,0.33,4.32,10,446,16982,0,51,0.2,1,0,32,1
20014,MOSTAZA COMERCIAL,"Aderezos, salsas y sopas",20,81.64,66,3.95,3.11,7.78,3.2,3.52,80,88,1.85,0.05,0.03,0.46,3,7,2.14,0.58,0.16,0,151,1120,0.6,38,0.07,0,0,8,1
20015,"SALSA ENVASADA,  BARBACOA","Aderezos, salsas y sopas",20,80.9,75,1.8,1.8,12.8,1.2,2.7,19,20,0.9,0.03,0.02,0.9,7,1,0.77,0.68,0.27,0,174,815,0.2,18,0.08,0,0,4,1
20016,"SALSA ENVASADA,  INGLESA","Aderezos, salsas y sopas",20,78.54,67,0,0,19.46,0,2,107,60,5.3,0.07,0.13,0.7,13,5,0,0,0,0,800,980,0.19,13,0,0,0,8,1
20017,"SALSA ENVASADA,  PICANTE","Aderezos, salsas y sopas",20,89.98,11,0.51,0.37,1.75,0.3,7.39,8,11,0.48,0.04,0.08,0.25,75,8,0.03,0.2,0.05,0,144,2643,0.11,5,0.16,0,0,6,1
20018,"SALSA ENVASADA,  TABASCO","Aderezos, salsas y sopas",20,95.17,12,1.29,0.76,0.8,0.6,1.98,12,23,1.16,0.03,0.08,0.18,5,82,0.06,0.4,0.11,0,128,633,0.16,12,0.15,0,0,1,1
20019,"SALSA PROCESADA,  TOMATE C/CEBOLLA","Aderezos, salsas y sopas",20,86.09,42,1.56,0.19,9.94,1.8,2.21,17,39,0.93,0.07,0.13,1.24,13,43,0.03,0.08,0.03,0,413,551,0.23,19,0.27,0,0,22,1
20020,"SALSA PROCESADA,  TOMATE C/HONGOS","Aderezos, salsas y sopas",20,87.97,35,1.45,0.13,8.43,1.5,2.02,13,32,0.89,0.07,0.11,1.26,12,48,0.01,0.05,0.02,0,380,452,0.21,19,0.13,0,0,9,1
20021,"SALSA PROCESADA,  TOMATE C/QUESO","Aderezos, salsas y sopas",20,83.43,59,2.13,1.93,10.24,2.2,2.27,37,54,0.87,0.08,0.12,1.21,10,49,0.38,0.82,0.63,3,356,543,0.36,19,0.02,,0,8,1
20022,"SALSA ENVASADA,  DE SOYA","Aderezos, salsas y sopas",20,66,60,10.51,0.1,5.57,0.8,17.82,20,130,2.38,0.06,0.15,3.95,0,0,0.02,0.04,0.01,0,212,5586,0.43,40,0.2,0,0,18,1
20023,"SOPA CONDENSADA,  ENLAT, CEBOLLA","Aderezos, salsas y sopas",20,86.35,46,3.06,1.42,6.68,0.7,2.49,22,9,0.55,0.03,0.02,0.49,1,3,0.61,0.53,0.21,0,56,860,0.5,2,0.04,0,0,12,1
20024,"SOPA CONDENSADA,  ENLAT, FRIJOLES CON CERDO","Aderezos, salsas y sopas",20,70.17,129,5.88,4.42,16.97,5.9,2.57,60,98,1.53,0.06,0.03,0.42,1,34,1.62,1.36,1.14,2,300,709,0.77,33,0.03,0.03,0,24,1
20025,"SOPA CONDENSADA,  ENLAT, MINESTRONE","Aderezos, salsas y sopas",20,82.95,68,3.48,2.05,9.17,0.8,2.35,28,46,0.75,0.04,0.04,0.77,1,85,0.56,0.91,0.44,1,255,744,0.6,6,0.08,0,16,40,1
20026,"SOPA CONDENSADA,  ENLAT, RES Y FIDEOS","Aderezos, salsas y sopas",20,84.42,67,3.85,2.46,7.16,0.6,2.12,12,37,0.88,0.05,0.05,0.85,0,11,0.99,0.39,0.91,4,79,759,1.23,5,0.03,0.16,12,23,1
20027,"SOPA CONDENSADA,  ENLAT, TOMATE","Aderezos, salsas y sopas",20,82.5,60,1.61,0.56,13.41,1.2,1.91,13,29,1.11,0.04,0.06,1.03,13,20,0.34,0.36,0.27,0,229,551,0.25,14,0.09,0,0,0,1
20028,"SOPA CONDENSADA,  ENLAT, VEGETALES Y RES","Aderezos, salsas y sopas",20,83.69,63,4.45,1.51,8.11,1.6,2.25,13,32,0.89,0.03,0.04,0.82,2,155,0.64,0.09,0.68,4,138,631,1.23,5,0.06,0.25,0,8,1
20029,"SOPA CREMA CONDENSADA,  ENLAT, CEBOLLA","Aderezos, salsas y sopas",20,81,88,2.2,4.2,10.4,0.4,2.2,27,30,0.5,0.04,0.06,0.4,1,28,1.67,1.16,1.17,12,98,760,0.12,5,0.02,0.04,0,6,1
20030,"SOPA CREMA CONDENSADA,  ENLAT, ESPARRAGOS","Aderezos, salsas y sopas",20,84.05,69,1.82,3.26,8.52,0.4,2.35,23,31,0.64,0.04,0.06,0.62,2,26,0.75,1.46,0.82,4,138,782,0.7,3,0.01,0.04,0,19,1
20031,"SOPA CREMA CONDENSADA,  ENLAT, HONGOS","Aderezos, salsas y sopas",20,83.85,85,1.61,5.89,6.72,0,1.93,12,26,1.11,0.04,0.05,0.42,0,8,1.11,1.43,1.38,0,62,645,0.2,4,0,0,0,2,1
20032,"SOPA CREMA CONDENSADA,  ENLAT, POLLO","Aderezos, salsas y sopas",20,82.75,89,2.38,5.77,7.16,0,1.95,14,31,1.06,0.01,0.05,0.39,0,43,2.05,1.05,1.6,8,49,655,0.29,4,0,0,0,2,1
20033,"SOPA CONDENSADA,  PREP, C/AGUA,  CEBOLLA","Aderezos, salsas y sopas",20,93.06,24,1.56,0.72,3.39,0.4,1.27,11,5,0.28,0.01,0.01,0.25,1,0,0.31,0.27,0.11,0,28,437,0.25,1,0.02,0,0,6,1
20034,"SOPA CONDENSADA,  PREP, C/AGUA,  FRIJOLES CON CERDO","Aderezos, salsas y sopas",20,84.16,68,3.12,2.35,9.01,3.4,1.36,32,52,0.81,0.04,0.01,0.22,1,18,0.86,0.72,0.6,1,159,376,0.41,18,0.02,0.02,0,13,1
20035,"SOPA CONDENSADA,  PREP, C/AGUA,  MINESTRONE","Aderezos, salsas y sopas",20,91.33,34,1.77,1.04,4.66,0.4,1.19,14,23,0.38,0.02,0.02,0.39,1,49,0.29,0.46,0.23,1,130,378,0.31,3,0.04,0,8,21,1
20036,"SOPA CONDENSADA,  PREP, C/AGUA,  RES Y FIDEOS","Aderezos, salsas y sopas",20,91.99,34,1.98,1.26,3.68,0.3,1.09,6,19,0.45,0.03,0.02,0.44,0,3,0.51,0.2,0.47,2,41,390,0.63,2,0.01,0.08,6,12,1
20037,"SOPA CONDENSADA,  PREP, C/AGUA,  TOMATE","Aderezos, salsas y sopas",20,90.36,35,0.84,0.79,6.8,0.2,1.21,5,14,0.72,0.04,0.02,0.58,27,10,0.18,0.39,0.15,0,108,285,0.1,3,0.05,0,0,6,1
20038,"SOPA CONDENSADA,  PREP, C/AGUA,  VEGETALES Y RES","Aderezos, salsas y sopas",20,91.61,32,2.29,0.78,4.17,0.2,1.16,7,17,0.46,0.01,0.02,0.42,1,39,0.33,0.05,0.35,2,71,324,0.63,2,0.03,0.13,0,4,1
20039,"SOPA CREMA CONDENSADA,  PREP, C/AGUA,  CEBOLLA","Aderezos, salsas y sopas",20,90.5,44,1.13,2.16,5.2,0.4,1.1,14,15,0.26,0.02,0.03,0.21,1,6,0.86,0.6,0.6,6,49,380,0.06,2,0.01,0.02,0,3,1
20040,"SOPA CREMA CONDENSADA,  PREP, C/AGUA,  ESPARRAGOS","Aderezos, salsas y sopas",20,91.8,35,0.94,1.68,4.38,0.2,1.21,12,16,0.33,0.02,0.03,0.32,1,15,0.39,0.76,0.43,2,71,402,0.36,2,0,0.02,0,9,1
20041,"SOPA CREMA CONDENSADA,  PREP, C/AGUA,  HONGOS","Aderezos, salsas y sopas",20,90.33,53,0.95,3.68,3.81,0.2,1.16,19,20,0.21,0.02,0.04,0.3,0,6,0.7,1.73,1,1,41,361,0.24,2,0.01,0.02,0,2,1
20042,"SOPA CREMA CONDENSADA,  PREP, C/AGUA,  POLLO","Aderezos, salsas y sopas",20,90.62,48,1.41,3.02,3.8,0.1,1.17,14,15,0.25,0.01,0.03,0.34,0,67,1.34,0.61,0.85,4,36,404,0.26,1,0.01,0.04,0,1,1
20043,"SOPA DESHIDRATADA,  CEBOLLA","Aderezos, salsas y sopas",20,3.79,303,7.48,5.09,60.32,6.6,23.31,143,211,4,0.28,0.27,1.47,22,0,0.79,0.21,0.3,5,721,8031,1.12,60,0.58,0,0,0,1
20044,"SOPA DESHIDRATADA,  COLA DE BUEY","Aderezos, salsas y sopas",20,4.8,377,15,13.6,47.9,0.9,18.7,60,320,1,0.1,0.2,4.5,0,15,5.69,0.54,6.77,15,450,6460,0,50,0.2,1,0,30,1
20045,"SOPA DESHIDRATADA,  HONGOS","Aderezos, salsas y sopas",20,3.06,441,10.18,22.34,51.18,3.5,13.2,306,354,2.5,1.29,0.51,2.3,5,9,10.32,7.15,3.78,2,915,4681,0.4,24,0.06,0.6,0,18,1
20046,"SOPA DESHIDRATADA,  MINESTRONE","Aderezos, salsas y sopas",20,4.8,358,20,7.8,53.6,3.6,13.8,168,276,4.5,0.3,0.2,4.6,5,66,3.32,0.45,3.68,8,1530,4620,3.6,36,0.5,0,80,215,1
20047,"SOPA DESHIDRATADA,  POLLO C/ARROZ","Aderezos, salsas y sopas",20,3.89,369,15.07,8.89,57.09,1.8,15.05,45,69,0.6,0.04,0.02,2.25,0,120,3.91,2.61,1.99,18,71,6048,0.8,0,0.1,0.5,0,3,1
20048,"SOPA DESHIDRATADA,  POLLO C/FIDEOS","Aderezos, salsas y sopas",20,4.94,377,15.42,6.51,62.32,3.2,10.8,55,195,2.44,0.57,0.38,4.88,0,8,2.26,1.39,1.95,74,306,3643,1.65,38,0.24,0.75,62,115,1
20049,"SOPA DESHIDRATADA,  POLLO C/VEGETALES","Aderezos, salsas y sopas",20,4.66,346,18.98,5.59,55.04,3,15.73,98,229,4.14,0.5,0.34,4.84,9,5,2.16,1.08,1.29,20,483,5698,1.47,151,0.63,0.7,0,28,1
20050,"SOPA DESHIDRATADA,  RES Y FIDEOS","Aderezos, salsas y sopas",20,4.97,330,17.93,6.39,48.64,2.7,22.06,48,320,2.68,0.99,0.49,5.57,4,103,2.71,1.33,2.07,13,656,8408,0.81,76,0.28,0.02,109,199,1
20051,"SOPA DESHIDRATADA,  TOMATE","Aderezos, salsas y sopas",20,3.92,360,8.63,8.35,68.3,1.9,10.81,190,234,1.49,0.22,0.17,2.75,16,146,3.13,0.82,3.81,3,1039,3319,0.74,51,0.34,0.3,0,24,1
20052,"SOPA DESHIDRATADA,  VEGETALES Y RES","Aderezos, salsas y sopas",20,4.64,344,18.91,7.2,51.74,1.8,17.5,84,236,5.51,0.19,0.23,2.98,9,77,3.01,0.29,3.59,8,483,6460,1.75,151,0.34,2,0,51,1
20053,"SOPA CREMA DESHIDRATADA,  ESPARRAGOS","Aderezos, salsas y sopas",20,4.8,366,13.75,10.8,55.75,2.4,14.9,137,185,3.8,0.2,0.3,3,5,503,4.64,4.06,1.61,1,824,4980,4.2,18,0.05,0.2,0,46,1
20054,"SOPA CREMA DESHIDRATADA,  POLLO","Aderezos, salsas y sopas",20,3.75,436,7.25,21.68,54.34,1.8,12.98,310,390,1.4,0.4,0.83,11,2,495,4.73,1.65,13.78,12,876,4820,6,24,0.22,1,0,22,1
20055,"SOPA CREMA DESHIDRATADA,  VEGETALES","Aderezos, salsas y sopas",20,2.9,446,8,24.1,52.1,3,12.9,134,228,2.6,5.18,0.45,2.2,17,600,10.73,6.29,6.03,2,408,4957,1.6,48,0.1,0.5,0,30,1
20056,"SOPA DESHIDRATADA,  PREP, C/AGUA, CEBOLLA","Aderezos, salsas y sopas",20,96.29,11,0.45,0.23,2.06,0.4,0.97,5,12,0.06,0.01,0.02,0.2,0,0,0.13,0.03,0.05,0,26,345,0.02,2,0,0,0,1,1
20057,"SOPA DESHIDRATADA,  PREP, C/AGUA, COLA DE BUEY","Aderezos, salsas y sopas",20,92.96,28,1.11,1.01,3.54,0.2,1.38,4,24,0.1,0.01,0.01,0.3,0,0,0.42,0.04,0.5,1,33,478,0,4,0.01,0.1,0,4,1
20058,"SOPA DESHIDRATADA,  PREP, C/AGUA, HONGOS","Aderezos, salsas y sopas",20,91.66,38,0.88,1.92,4.4,0.3,1.14,26,30,0.2,0.11,0.04,0.2,0,6,0.89,0.61,0.32,0,79,403,0.03,2,0.01,0.1,0,2,1
20059,"SOPA DESHIDRATADA,  PREP, C/AGUA, MINESTRONE","Aderezos, salsas y sopas",20,91.67,31,1.75,0.68,4.69,,1.21,15,24,0.4,0.03,0.02,0.4,0,6,0.29,0.04,0.32,1,134,404,0.3,3,0.04,0,7,19,1
20060,"SOPA DESHIDRATADA,  PREP, C/AGUA, POLLO C/ARROZ","Aderezos, salsas y sopas",20,93.84,24,0.97,0.57,3.66,0.3,0.97,3,4,0,0,0,0.14,0,0,0.25,0.17,0.13,1,4,388,0.05,0,0.01,0.03,0,0,1
20061,"SOPA DESHIDRATADA,  PREP, C/AGUA, POLLO C/FIDEOS","Aderezos, salsas y sopas",20,94.16,23,0.84,0.55,3.67,0.1,0.78,2,12,0.2,0.08,0.03,0.43,0,1,0.2,0.16,0.12,4,13,229,0.08,3,0.01,0.02,6,11,1
20062,"SOPA DESHIDRATADA,  PREP, C/AGUA, POLLO C/VEGETALES","Aderezos, salsas y sopas",20,94.61,20,1.07,0.32,3.11,,0.89,6,13,0.23,0.03,0.02,0.27,1,0,0.12,0.06,0.07,1,27,322,0.08,9,0.04,0.04,0,1,1
20063,"SOPA DESHIDRATADA,  PREP, C/AGUA, RES C/FIDEO","Aderezos, salsas y sopas",20,95.32,16,0.88,0.32,2.4,0.3,1.09,2,16,0.13,0.05,0.02,0.28,0,0,0.14,0.07,0.1,1,32,415,0.04,4,0.01,0,5,10,1
20064,"SOPA DESHIDRATADA,  PREP, C/AGUA, TOMATE","Aderezos, salsas y sopas",20,89.7,39,0.93,0.9,7.32,0.2,1.16,20,25,0.16,0.02,0.02,0.29,2,17,0.34,0.09,0.41,0,111,356,0.08,5,0.04,0.03,0,3,1
20065,"SOPA DESHIDRATADA,  PREP, C/AGUA, VEGETALES Y RES","Aderezos, salsas y sopas",20,94.15,21,1.16,0.44,3.17,0.2,1.07,5,14,0.34,0.01,0.01,0.18,1,5,0.18,0.02,0.22,0,30,396,0.11,9,0.02,0.1,0,3,1
20066,"SOPA CREMA DESHIDRATADA,  PREP, C/AGUA, ESPARRAGOS","Aderezos, salsas y sopas",20,93.9,23,0.88,0.69,3.57,,0.96,9,12,0.2,0.02,0.02,0.2,0,5,0.3,0.26,0.02,0,53,319,0.27,1,0,0.01,0,3,1
20067,"SOPA CREMA DESHIDRATADA,  PREP, C/AGUA, POLLO","Aderezos, salsas y sopas",20,90.94,41,0.68,2.04,5.11,0.1,1.22,29,37,0.1,0.04,0.08,1,0,8,0.45,0.16,1.3,1,82,454,0.6,2,0.02,0.1,0,2,1
20068,"SOPA CREMA DESHIDRATADA,  PREP, C/AGUA, VEGETALES","Aderezos, salsas y sopas",20,91.18,41,0.73,2.19,4.73,0.2,1.17,12,21,0.2,0.47,0.04,0.2,2,0,0.98,0.57,0.55,0,37,450,0.1,4,0.01,0.05,0,3,1
20069,"SOPA DE FIDEO RAMEN, PREPARADA","Aderezos, salsas y sopas",20,83.26,91,2.6,3.79,13.52,0.9,,8,31,0.78,0.07,0.04,0.63,0,,0.2,0.19,0.17,16,30,365,0.27,7,0.03,0,4,,1
20070,VINAGRE,"Aderezos, salsas y sopas",20,93.81,21,0,0,0.93,0,0.17,7,8,0.2,0,0,0,0,0,0,0,0,0,73,5,0.04,5,0,0,0,0,1
20071,"SALSA ENVASADA,  TOMATE, CATSUP","Aderezos, salsas y sopas",20,69.15,97,1.74,0.38,25.08,0.3,3.66,18,33,0.51,0.01,0.47,1.5,15,47,0.06,0.15,0.05,0,382,1114,0.26,19,0.15,0,0,10,1
20072,"SALSA PROCESADA,  SOFRITO","Aderezos, salsas y sopas",20,59.66,237,12.8,18.2,5.46,1.7,3.88,20,139,0.94,0.28,0.21,2.92,20,,,,,,401,1145,1.41,25,0.36,,0,43,1
20073,"SALSA PROCESADA,  TOMATE, ESTILO RANCHERO","Aderezos, salsas y sopas",20,88.28,41,0.94,0.74,8.77,1.4,1.27,13,38,0.76,0.07,0.12,1.1,13,41,0.1,0.34,0.13,0,398,546,0.28,21,0.19,0,0,14,1
20074,"SALSA PROCESADA,  TOMATE PARA SPAGHETTI","Aderezos, salsas y sopas",20,76.8,105,1.7,3.9,16,3.1,1.9,,,,,,,10,,,,0.87,0,,430,,,,,,,1
20075,"SALSA ENVASADA,  PARA PESCADO","Aderezos, salsas y sopas",20,71.07,35,5.06,0.01,3.64,0,20.22,43,7,0.78,0.01,0.06,2.31,1,4,0,0,0,0,288,7720,0.2,175,0.4,0.48,0,51,1
20076,"ADEREZO ENSALADA,  ACEITE Y VINAGRE","Aderezos, salsas y sopas",20,47.4,449,0,50.1,2.5,0,0,0,0,0,0,0,0,0,0,14.8,24.1,9.1,0,8,1,0,0,0,0,0,0,1
20077,"ADEREZO ENSALADA,  TIPO FRANCES C/SAL","Aderezos, salsas y sopas",20,36.56,457,0.77,44.81,15.58,0,2.29,24,19,0.8,0.02,0.05,0.19,0,23,8.43,21.03,5.65,0,67,836,0.29,5,0,0.14,0,0,1
20078,"ADEREZO ENSALADA,  TIPO ITALIANO C/SAL","Aderezos, salsas y sopas",20,56.4,291,0.38,28.37,10.43,0,4.42,7,9,0.63,0.01,0.02,0,0,2,6.32,12.94,4.47,0,48,1654,0.13,3,0.06,0,0,0,1
20079,"ADEREZO ENSALADA,  TIPO ITALIANO C/SAL S/GRASA","Aderezos, salsas y sopas",20,85.95,47,0.97,0.87,8.75,0.6,3.47,30,109,0.4,0.03,0.05,0.14,0,4,0.23,0.19,0.29,2,102,1129,0.36,5,0,0.31,0,12,1
20080,"ADEREZO ENSALADA,  TIPO RANCHERO","Aderezos, salsas y sopas",20,38.18,484,1.03,51.39,6.69,0.7,2.71,31,161,0.62,0.1,0.05,0.01,3,10,,,,33,62,816,0.4,5,0.02,0.33,0,4,1
20081,VINAGRE DESTILADO,"Aderezos, salsas y sopas",20,94.78,18,0,0,0.04,0,0,6,4,0.03,0,0,0,0,0,0,0,0,0,2,2,0.01,1,0,0,0,0,1
20082,"SOPA CONDENSADA,  ENLAT, FRIJOL NEGRO","Aderezos, salsas y sopas",20,75.33,91,4.83,1.32,15.42,6.8,3.1,35,75,1.5,0.04,0.04,0.41,0,22,0.48,0.41,0.34,0,250,970,1.1,33,0.07,0,0,20,1
20083,"SOPA CONDENSADA,  ENLAT, POLLO Y FIDEOS","Aderezos, salsas y sopas",20,86.9,51,2.6,1.5,6.9,0.6,2.1,11,38,0.6,0.06,0.05,1.2,0,,0.6,0.3,0.5,9,45,751,0.22,6,0.04,0.07,10,21,1
20084,"SOPA CONDENSADA,  ENLAT, POLLO C/ARROZ","Aderezos, salsas y sopas",20,88.4,49,2,1.6,6.8,0.6,1.3,11,46,0.2,0.04,0.04,1.73,27,49,0.65,0.3,0.5,6,169,338,0.24,5,0.05,0.09,23,44,1
20085,"SOPA CREMA CONDENSADA,  ENLAT, PAPA","Aderezos, salsas y sopas",20,85.39,59,1.39,1.88,9.14,0.4,2.21,16,37,0.38,0.03,0.03,0.43,0,19,0.44,0.33,0.97,5,109,797,0.5,1,0.03,0.04,0,2,1
20086,"SOPA DESHIDRATADA,  FIDEO RAMEN, CUALQUIER SABOR","Aderezos, salsas y sopas",20,4.7,453,9.3,17.1,65.5,2.4,3.4,16,108,4.27,0.66,0.44,5.4,0,1,6.4,2.61,7.63,0,120,1160,0.63,24,0.06,0.01,120,231,1
20087,"SOPA DESHIDRATADA,  FIDEO RAMEN, SABOR RES","Aderezos, salsas y sopas",20,5.52,436,10.29,15.71,63.27,2.2,5.21,30,121,4.11,1.5,0.27,4.2,1,0,6.78,1.53,7.97,,185,2002,1.08,24,0.09,0.18,84,168,1
20088,"SOPA DESHIDRATADA,  FIDEO RAMEN, SABOR POLLO","Aderezos, salsas y sopas",20,4.26,437,10.66,15.55,63.57,2.4,5.96,27,118,3.92,0.56,0.25,3.97,0,0,6.15,1.39,7.09,,173,2071,0.61,22,0.09,0.31,85,176,1
21001,BOLLO C/HUEVO,Comidas preparadas: comerciales y caseras,21,50.06,274,8.53,16.23,23.46,0.6,1.77,60,285,2.13,0.22,0.36,1.58,0,132,6.67,4.71,3.48,180,175,655,0.73,14,0.08,0.46,24,59,1
21002,BOLLO C/HUEVO Y JAMON,Comidas preparadas: comerciales y caseras,21,54.66,240,10.64,14.08,18.31,0.4,2.31,115,165,2.37,0.35,0.31,1.04,0,123,5.71,4.01,3.08,156,166,720,1.16,16,0.14,0.62,17,46,1
21003,"BURRITO, FRIJOLES",Comidas preparadas: comerciales y caseras,21,52.53,206,6.48,6.22,32.92,,1.85,52,45,2.08,0.29,0.28,1.87,1,8,2.18,0.55,3.17,2,301,454,0.7,40,0.14,0.5,31,62,1
21004,"BURRITO, FRIJOLES  C/CARNE DE RES",Comidas preparadas: comerciales y caseras,21,51.89,220,9.73,7.71,28.58,,2.09,46,61,2.12,0.23,0.36,2.34,1,14,3.04,0.53,3.6,21,284,578,1.66,36,0.16,0.75,18,63,1
21005,"BURRITO, FRIJOLES  C/QUESO",Comidas preparadas: comerciales y caseras,21,53.91,203,8.1,6.29,29.55,,2.15,115,97,1.22,0.12,0.38,1.92,1,53,1.34,0.96,3.68,15,267,627,0.88,43,0.13,0.48,23,56,1
21006,"BURRITO, FRIJOLES  C/QUESO Y CARNE DE RES",Comidas preparadas: comerciales y caseras,21,64.94,163,7.18,6.55,19.55,,1.77,64,69,1.84,0.15,0.35,1.9,3,74,2.2,0.5,3.52,61,202,488,1.16,25,0.11,0.54,7,42,1
21007,"BURRITO, FRIJOLES  C/QUESO Y CHILE",Comidas preparadas: comerciales y caseras,21,55.77,197,9.91,6.84,25.35,,2.14,86,85,2.29,0.16,0.36,2.29,2,55,2.52,0.38,3.33,47,241,613,1.81,29,0.12,0.59,6,53,1
21008,"BURRITO, CARNE DE RES",Comidas preparadas: comerciales y caseras,21,49.61,238,12.09,9.46,26.6,,2.24,38,79,2.77,0.11,0.42,2.93,1,6,3.37,0.39,4.75,29,336,678,2.15,37,0.14,0.89,41,88,1
21009,"BURRITO, CARNE DE RES  C/CHILE",Comidas preparadas: comerciales y caseras,21,54.45,212,10.7,8.23,24.6,,2.02,43,70,2.21,0.2,0.4,2.53,1,12,3.02,0.49,3.98,27,248,555,2.15,30,0.15,0.64,30,69,1
21010,"BURRITO, CARNE DE RES  C/QUESO Y CHILE",Comidas preparadas: comerciales y caseras,21,55.19,208,13.46,8.15,20.96,,2.24,73,104,2.57,0.2,0.41,2.74,1,65,3.27,0.73,3.42,56,219,688,2.6,23,0.12,0.68,27,65,1
21011,CAMARONES EMPANIZADOS Y FRITOS,Comidas preparadas: comerciales y caseras,21,47.82,277,11.51,15.18,24.39,,1.1,51,210,1.8,0.13,0.55,0,0,22,10.6,0.39,3.28,122,112,882,0.74,24,0.04,0.09,32,83,1
21012,"AROS DE CEBOLLA, EMPANIZADOS FRITOS",Comidas preparadas: comerciales y caseras,21,37.09,332,4.46,18.69,37.74,,2.03,88,104,1.02,0.1,0.12,1.11,1,1,8.01,0.8,8.38,17,156,518,0.42,19,0.07,0.15,52,102,1
21013,CHILI C/CARNE,Comidas preparadas: comerciales y caseras,21,76.7,101,9.73,3.27,8.67,,1.64,27,78,2.05,0.05,0.45,0.98,1,33,1.35,0.21,1.36,53,273,398,1.41,18,0.13,0.45,6,22,1
21014,CHILE RELLENO DE GUATEMALA,Comidas preparadas: comerciales y caseras,21,,224,8.08,17.51,8.79,1.04,0.88,20,111,1.81,0.08,0.15,1.71,16,310,9.92,1.23,5.16,120,221,46,1.33,15,0.18,1.05,22,,1
21015,"CHOP-SUEY, DE RES & CERDO",Comidas preparadas: comerciales y caseras,21,75.2,120,10.4,6.8,5.2,,,24,99,1.92,0.11,0.15,2,13,,2.48,0.28,3.4,26,170,421,,,,,,,1
21016,"CHOW-MEIN, DE POLLO",Comidas preparadas: comerciales y caseras,21,78,102,12.4,4,4,0.2,,23,117,1,0.03,0.09,1.72,4,,1.36,1.24,0.96,39,189,287,,,,,,,1
21017,"CREPAS, DE ESPINACA",Comidas preparadas: comerciales y caseras,21,,154,5.95,9.29,11.15,,,,,,,,,,,,,,,164,370,,,,,,,1
21018,"CREPAS, DE JAMON Y QUESO",Comidas preparadas: comerciales y caseras,21,,192,11.74,11.74,10.8,,,,,,,,,,,,,,,162,425,,,,,,,1
21019,"CREPAS, DE POLLO",Comidas preparadas: comerciales y caseras,21,76.07,167,12.82,9.4,8.12,1,,23,82,1.12,0.06,0.08,3.41,14,,1.62,0.39,3.13,33,179,444,0.48,22,0.2,0.08,12,,1
21020,"CROISSANT,  DE HUEVO, QUESO Y JAMON",Comidas preparadas: comerciales y caseras,21,51.14,312,12.45,22.09,15.92,,2.48,95,221,1.4,0.34,0.2,2.1,8,86,7.49,1.55,11.5,140,179,711,1.43,17,0.15,0.66,6,34,1
21021,"CROISSANT,  DE HUEVO, QUESO Y TOCINO",Comidas preparadas: comerciales y caseras,21,43.92,320,12.58,21.98,18.33,,2.74,117,214,1.7,0.27,0.26,1.7,2,110,7.11,1.36,11.96,167,156,689,1.47,18,0.09,0.67,8,41,1
21022,"ELOTE COCIDO,  C/MANTEQUILLA",Comidas preparadas: comerciales y caseras,21,72.05,106,3.06,2.35,21.88,,0.65,3,74,0.6,0.17,0.07,1.49,5,23,0.69,0.42,1.13,4,246,20,0.62,28,0.22,0,0,30,1
21023,ENCHILADA GUATEMALTECA,Comidas preparadas: comerciales y caseras,21,,76,1.69,3.99,9.27,1.67,0.52,58,38,0.39,0.03,0.03,0.29,11,91,2.35,0.38,0.84,0,108,15,0.1,7,0.04,0,27,,1
21024,"ENCHILADA MEXICANA,  C/QUESO",Comidas preparadas: comerciales y caseras,21,63.23,196,5.91,11.56,17.51,,1.78,199,82,0.81,0.05,0.26,1.17,1,61,3.87,0.5,6.5,27,147,481,1.54,31,0.24,0.46,19,53,1
21025,"ENCHILADA MEXICANA,  C/QUESO Y CARNE DE RES",Comidas preparadas: comerciales y caseras,21,66.89,168,6.21,9.19,15.87,,1.85,119,87,1.6,0.05,0.21,1.31,1,51,3.2,0.72,4.71,21,299,687,1.4,43,0.14,0.53,0,35,1
21026,"ENSALADA RESTAURANTE,  ATUN C/ADEREZO",Comidas preparadas: comerciales y caseras,21,63.16,187,16.04,9.26,9.41,0,2.14,17,178,1,0.03,0.07,6.7,2,24,2.89,4.12,1.54,13,178,402,0.56,19,0.08,1.2,0,8,1
21027,"ENSALADA RESTAURANTE,  POLLO",Comidas preparadas: comerciales y caseras,21,66.17,200,11.64,13.52,7.41,0,1.26,10,33,0.61,0.02,0.07,1.67,1,42,3.25,6.22,3.45,30,183,377,1.04,10,0.11,0.38,0,5,1
21028,"ENSALADA RESTAURANTE,  REPOLLO",Comidas preparadas: comerciales y caseras,21,74.02,148,1.47,11.08,12.88,,0.55,34,36,0.73,0.04,0.03,0.08,8,36,2.44,6.46,1.62,5,179,270,0.2,9,0.11,0.18,0,39,1
21029,FRITADA DE CERDO,Comidas preparadas: comerciales y caseras,21,38.8,344,32,23.6,1,,4.6,58,291,1.1,0.31,0.47,8.3,,,,,,,,,,,,,,,1
21030,"HAMBURGUESA,  REGULAR  S/VEGETALES S/COND,",Comidas preparadas: comerciales y caseras,21,37.55,305,13.69,13.13,33.9,,1.73,70,114,2.67,0.37,0.3,4.13,0,0,6.06,1.02,4.6,39,161,430,2.22,21,0.07,0.99,31,81,1
21031,"HAMBURGUESA,  REGULAR  C/VEGETALES C/COND,",Comidas preparadas: comerciales y caseras,21,49.41,254,11.74,12.25,24.81,,1.78,57,113,2.39,0.21,0.18,3.35,2,4,4.81,2.34,3.76,24,206,458,1.87,20,0.11,0.8,30,68,1
21032,"HAMBURGUESA,  REGULAR  DOBLE CARNE, S/VEGETALES S/COND,",Comidas preparadas: comerciales y caseras,21,41.1,309,17,15.85,24.39,,1.65,49,133,2.59,0.19,0.21,4.69,0,0,6.88,1.33,5.9,56,206,315,3.25,21,0.18,1.66,23,60,1
21033,"HAMBURGUESA,  REGULAR  DOBLE CARNE, C/VEGETALES C/COND,",Comidas preparadas: comerciales y caseras,21,50.51,268,14.8,15.1,18.02,,1.57,43,132,2.58,0.16,0.19,3.13,1,1,6.57,1.29,5.58,48,245,345,2.7,21,0.17,1.55,18,52,1
21034,"HAMBURGUESA,  GRANDE  S/VEGETALES S/COND,",Comidas preparadas: comerciales y caseras,21,42.1,311,16.51,16.73,23.16,,1.5,54,128,2.61,0.21,0.21,4.56,0,0,7.21,1.56,6.12,52,195,346,3,20,0.17,1.5,21,59,1
21035,"HAMBURGUESA,  GRANDE  C/VEGETALES C/COND,",Comidas preparadas: comerciales y caseras,21,55.7,235,11.85,12.55,18.35,,1.56,44,107,2.26,0.19,0.17,3.34,1,11,5.24,1.01,4.78,40,220,378,2.24,20,0.15,1.09,21,53,1
21036,"HAMBURGUESA,  GRANDE  DOBLE CARNE,  C/VEGETALES C/COND,",Comidas preparadas: comerciales y caseras,21,53.74,239,15.17,11.75,17.82,,1.52,45,139,2.59,0.16,0.17,3.35,1,2,4.57,1.24,4.65,54,252,350,2.51,22,0.24,1.8,22,49,1
21037,"HILACHAS DE RES, GUATEMALA",Comidas preparadas: comerciales y caseras,21,83.5,65,5.1,1,8.9,,1.5,20,70,0.9,0.06,0.18,1.43,10,,,,,,,,,,,,,,1
21038,"HUEVOS,  COCIDOS O DUROS",Comidas preparadas: comerciales y caseras,21,74.62,155,12.58,10.61,1.12,0,1.08,50,172,1.19,0.07,0.51,0.06,0,169,4.08,1.41,3.27,424,126,124,1.05,10,0.12,1.11,0,44,0.88
21039,"HUEVOS,  FRITOS O ESTRELLADOS",Comidas preparadas: comerciales y caseras,21,69.13,201,13.63,15.31,0.88,0,1.05,59,208,1.98,0.08,0.52,0.08,0,198,6.35,2.66,4.29,457,147,204,1.2,13,0.16,1.39,0,51,1
21040,"HUEVOS,  OMELET SIMPLE",Comidas preparadas: comerciales y caseras,21,75.83,153,10.62,12.02,0.69,0,0.84,47,162,1.54,0.06,0.4,0.06,0,155,4.99,2.1,3.37,356,114,161,0.93,10,0.12,1.09,0,39,1
21041,"HUEVOS,  OMELET C/JAMON Y QUESO",Comidas preparadas: comerciales y caseras,21,64.42,222,15.42,16.67,1.56,0,2.14,128,238,1.39,0.15,0.48,0.69,3,,6.28,2.38,6.08,371,152,498,1.53,14,0.16,0.9,32,,1
21042,"HUEVOS,  REVUELTOS O PICADOS",Comidas preparadas: comerciales y caseras,21,66.7,212,13.84,16.18,2.08,0,1.2,57,242,2.59,0.08,0.52,0.21,3,223,5.89,1.97,6.15,426,147,224,1.66,14,0.19,1.01,0,56,1
21043,"NACHOS,  C/QUESO",Comidas preparadas: comerciales y caseras,21,40.45,306,8.05,16.77,32.15,,2.58,241,244,1.13,0.17,0.33,1.36,1,132,7.07,1.98,6.89,16,152,722,1.58,49,0.18,0.73,0,9,1
21044,"NACHOS,  C/QUESO Y CHILE",Comidas preparadas: comerciales y caseras,21,42.7,298,8.24,16.74,29.45,,2.87,304,193,1.2,0.06,0.24,1.39,1,281,7.06,1.97,6.87,41,144,851,1.42,53,0.18,0.5,0,9,1
21045,"NACHOS,  C/QUESO, FRIJOLES, CARNE DE RES Y CHILE",Comidas preparadas: comerciales y caseras,21,55.96,223,7.76,12.04,21.89,,2.35,151,152,1.09,0.09,0.27,1.31,2,171,4.31,2.23,4.9,8,177,706,1.43,38,0.16,0.4,0,15,1
21046,"PANQUEQUE PREPARADO,  SIMPLE",Comidas preparadas: comerciales y caseras,21,52.9,227,6.4,9.7,28.3,,2.6,219,159,1.8,0.2,0.28,1.57,0,54,2.47,4.45,2.12,59,132,439,0.56,16,0.05,0.22,26,56,1
21047,"PANQUEQUE PREPARADO,  C/MIEL Y MANTEQUILLA",Comidas preparadas: comerciales y caseras,21,49.72,224,3.56,6.03,39.18,,1.51,55,205,1.13,0.17,0.24,1.46,2,35,2.27,0.84,2.52,25,108,476,0.44,21,0.05,0.1,7,27,1
21048,"PIZZA DE  QUESO, CONCHA REGULAR",Comidas preparadas: comerciales y caseras,21,43.29,271,11.93,10.89,31.22,1.8,2.67,209,249,1.95,0.26,0.26,3.3,0,74,2.92,1.84,5.04,24,173,685,1.65,22,0.11,0.7,,,1
21049,"PIZZA DE  PEPPERONI, CONCHA REGULAR",Comidas preparadas: comerciales y caseras,21,41.35,280,12.86,11.38,31.55,1.7,2.87,155,218,2.14,0.32,0.27,4.03,0,57,4.02,2.03,5.16,26,207,801,1.68,23,0.15,0.68,,,1
21050,"POLLO EMPANIZADO FRITO,  MUSLO",Comidas preparadas: comerciales y caseras,21,48.99,291,20.32,18.04,10.61,,2.05,24,162,1.08,0.09,0.29,4.87,0,45,7.39,4.27,4.76,112,301,510,2.19,25,0.22,0.56,11,25,0.77
21051,"POLLO EMPANIZADO FRITO,  PECHUGA",Comidas preparadas: comerciales y caseras,21,45.7,303,21.91,18.11,12.01,,2.27,37,188,0.91,0.09,0.18,7.35,0,35,7.5,4.16,4.81,91,347,598,0.95,23,0.35,0.41,13,27,0.79
21052,PUPUSAS DE CHICHARRON,Comidas preparadas: comerciales y caseras,21,31,276,10.8,1.2,55.4,,1.6,52,193,3.6,0.08,0.11,2.33,1,,,,,,,,,,,,,,1
21053,"QUESOBURGUESA,  REGULAR  S/VEGETALES",Comidas preparadas: comerciales y caseras,21,37.3,313,14.48,14.85,31.13,,2.24,138,192,2.39,0.39,0.39,3.63,0,45,5.66,1.51,6.34,49,161,490,2.32,21,0.09,0.95,27,72,1
21054,"QUESOBURGUESA,  REGULAR  C/VEGETALES C/COND,",Comidas preparadas: comerciales y caseras,21,55.2,233,11.58,12.85,18.27,,2.1,118,140,1.72,0.21,0.15,4.14,2,53,4.65,0.95,5.97,34,149,634,1.7,17,0.1,0.8,28,62,1
21055,"QUESOBURGUESA,  REGULAR  DOBLE CARNE S/VEGETALES S/COND,",Comidas preparadas: comerciales y caseras,21,42.37,295,17.85,18.37,14.23,,2.39,150,241,2.2,0.16,0.24,3.88,0,64,7.1,1.24,8.39,71,199,410,3.2,21,0.16,1.49,25,62,1
21056,"QUESOBURGUESA,  REGULAR  DOBLE CARNE C/VEGETALES C/COND,",Comidas preparadas: comerciales y caseras,21,51.2,251,12.8,12.7,21.2,,2.1,103,146,2.06,0.21,0.17,4.85,1,43,4.7,1.6,5.25,36,202,633,2.1,18,0.11,1.16,23,53,1
21057,"QUESOBURGUESA,  REGULAR  DOBLE CARNE Y PAN C/VEG, C/COND,",Comidas preparadas: comerciales y caseras,21,46.56,285,13.04,15.47,23.3,,1.63,74,153,2.07,0.25,0.19,3.66,1,34,5.54,2.79,5.6,41,171,404,1.81,16,0.12,0.91,25,58,1
21058,"QUESOBURGUESA,  GRANDE  S/VEGETALES",Comidas preparadas: comerciales y caseras,21,38.65,329,16.29,17.83,25.63,,1.6,49,228,2.95,0.26,0.31,6.04,0,100,6.89,1.32,8.02,52,348,859,3,21,0.15,1.37,19,53,1
21059,"QUESOBURGUESA,  GRANDE  C/VEGETALES",Comidas preparadas: comerciales y caseras,21,52.5,257,12.87,15.04,17.53,,2.06,94,142,2.13,0.18,0.21,3.37,4,64,5.76,0.93,6.87,40,203,506,2.1,20,0.13,1.17,24,54,1
21060,"QUESOBURGUESA,  GRANDE  C/JAMON  C/VEGETALES",Comidas preparadas: comerciales y caseras,21,50.05,293,15.55,18.97,14.83,,2.42,119,209,1.98,0.21,0.22,3.61,3,33,7.43,1.52,8.32,48,212,674,2.61,20,0.15,1.13,11,39,1
21061,"QUESOBURGUESA,  GRANDE  C/TOCINO",Comidas preparadas: comerciales y caseras,21,43.6,312,16.41,18.85,19.04,,2.1,83,205,2.43,0.16,0.21,3.4,1,42,7.43,1.39,8.33,57,170,535,3.5,23,0.16,1.2,27,63,1
21062,"QUESOBURGUESA,  GRANDE  DOBLE CARNE C/VEGETALES",Comidas preparadas: comerciales y caseras,21,51.09,273,14.72,16.92,15.37,,1.9,93,153,2.29,0.14,0.19,2.81,0,24,6.73,1.82,6.85,55,231,445,2.59,20,0.16,1.32,10,36,1
21063,REVOLCADO O CHANFAINA  (GUATEMALA Y EL SALVADOR),Comidas preparadas: comerciales y caseras,21,73.7,139,11.5,7.9,4.7,,2.2,227,202,3.1,0.1,0.7,4.14,4,,,,,,,,,,,,,,1
21064,"SANDWICH, BISTEC DE RES",Comidas preparadas: comerciales y caseras,21,51.07,225,14.87,6.9,25.47,,1.7,45,146,2.53,0.2,0.18,3.58,3,10,2.62,1.64,1.87,36,257,391,2.22,24,0.18,0.77,27,63,1
21065,"SANDWICH, JAMON Y QUESO",Comidas preparadas: comerciales y caseras,21,50.8,241,14.17,10.6,22.84,,1.59,89,104,2.22,0.21,0.33,1.84,2,66,4.61,0.94,4.41,40,199,528,0.94,11,0.14,0.37,3,54,1
21066,"SANDWICH, JAMON, QUESO Y HUEVO",Comidas preparadas: comerciales y caseras,21,51.15,243,13.46,11.4,21.64,,2.35,148,242,2.17,0.3,0.39,2.94,2,116,4.02,1.18,5.18,172,147,703,1.39,18,0.11,0.86,23,69,1
21067,"SANDWICH O HAMBURGUESA, PESCADO, C/SALSA",Comidas preparadas: comerciales y caseras,21,47.35,273,10.72,14.41,25.96,,1.56,53,134,1.65,0.21,0.14,2.15,2,21,4.87,5.22,3.31,35,215,389,0.63,21,0.07,0.68,26,72,1
21068,"SANDWICH O HAMBURGUESA, PESCADO, C/SALSA Y QUESO",Comidas preparadas: comerciales y caseras,21,45.18,286,11.26,15.63,26.03,,1.91,101,170,1.91,0.25,0.23,2.31,2,71,4.87,5.15,4.45,37,193,513,0.64,20,0.06,0.59,33,73,1
21069,"SANDWICH O HAMBURGUESA, FILETE DE POLLO",Comidas preparadas: comerciales y caseras,21,47.31,283,13.25,16.18,21.26,,2,33,128,2.57,0.18,0.13,3.74,5,17,5.72,4.61,4.68,33,194,526,1.03,19,0.11,0.21,39,82,1
21070,"SANDWICH O HAMBURGUESA, FILETE DE POLLO C/QUESO",Comidas preparadas: comerciales y caseras,21,46.01,277,12.9,17,18.24,,2.1,113,178,1.59,0.18,0.2,3.98,1,72,5.99,4.36,5.46,34,146,543,1.27,19,0.18,0.2,28,68,1
21071,"SNACKS,  CHICHARRONCITOS",Comidas preparadas: comerciales y caseras,21,1.8,545,61.3,31.3,0,0,5.4,30,85,0.88,0.1,0.28,1.55,1,12,14.78,3.64,11.37,95,127,1838,0.56,11,0.02,0.64,0,0,1
21072,"SNACKS,  PAPALINAS SIMPLES",Comidas preparadas: comerciales y caseras,21,1,471,7.1,20.8,66.9,5.9,4.1,21,193,1.35,0.21,0.27,7,26,0,4.8,10.94,4.16,0,1744,492,0.07,89,0.67,0,0,27,1
21073,"SNACKS,  PLATALINAS",Comidas preparadas: comerciales y caseras,21,4.3,519,2.3,33.6,58.4,7.7,1.4,18,56,1.25,0.09,0.02,0.71,6,4,1.95,0.63,28.97,0,536,6,0.75,76,0.26,0,0,14,1
21074,"SNACKS,  PALOMITAS DE MAIZ C/SAL Y ACEITE",Comidas preparadas: comerciales y caseras,21,2.8,500,9,28.1,57.2,10,2.9,10,250,2.78,0.13,0.14,1.55,0,1,8.17,13.42,4.89,0,225,884,2.64,108,0.21,0,0,17,1
21075,"SNACKS,  TOSTADITAS/MAIZ,  SABOR QUESO",Comidas preparadas: comerciales y caseras,21,1.5,558,5.76,35.76,54.1,2.2,2.89,58,108,1.1,0.16,0.2,5.74,0,38,10.44,18.65,5.51,4,197,896,0.6,20,0.06,0.48,86,180,1
21076,"SNACKS,  TOSTADITAS/MAIZ,  SABOR BARBACOA",Comidas preparadas: comerciales y caseras,21,1.2,523,7,32.7,56.2,5.2,2.8,131,207,1.54,0.08,0.21,1.64,2,31,9.48,16.17,4.46,0,236,763,1.06,77,0.23,0,0,39,1
21077,"SNACKS,  TOSTADITAS/MAIZ,  SABOR NACHOS",Comidas preparadas: comerciales y caseras,21,1.9,536,6.5,31.7,57.3,1,2.6,36,76,1.27,0.21,0.12,1.41,0,24,2.14,0.84,26.79,5,123,952,0.48,25,0.12,0,0,5,1
21078,"SNACKS,  TOSTADITAS/MAIZ,  SIMPLES",Comidas preparadas: comerciales y caseras,21,2,510,5.8,26.9,62.9,1.1,2.3,3,44,2.54,0.32,0.24,1.41,0,16,1.7,0.78,22.75,0,81,1022,0.21,11,0.04,0,0,3,1
21079,TACO REGULAR MEXICANO,Comidas preparadas: comerciales y caseras,21,58.4,216,12.08,12.02,15.63,,1.87,129,119,1.41,0.09,0.26,1.88,1,63,3.85,0.56,6.65,33,277,469,2.3,41,0.14,0.61,26,58,1
21080,TAMAL ASADO (COSTA RICA),Comidas preparadas: comerciales y caseras,21,45.7,217,2.8,0.9,49.5,,1.1,36,35,4.3,0.01,0.03,0.19,6,,,,,,,,,,,,,,1
21081,TAMAL DE CERDO (GUATEMALA),Comidas preparadas: comerciales y caseras,21,77.7,110,2.5,5.2,13.3,,1.3,32,61,1.4,0.05,0.04,0.57,1,,,,,,,,,,,,,,1
21082,TAMAL DE CERDO C/ALMENDRAS (COSTA RICA),Comidas preparadas: comerciales y caseras,21,68.3,162,3.1,8.8,17.5,,2.3,20,66,2.2,0.05,0.07,0.69,6,,,,,,,,,,,,,,1
21083,TAMAL DE MAIZ PILADO,Comidas preparadas: comerciales y caseras,21,79.4,91,2.9,2.6,13.9,,1.2,11,3,3.2,0.05,0.03,0.46,,,,,,,,,,,,,,,1
21084,TAMAL ESTILO NACATAMAL,Comidas preparadas: comerciales y caseras,21,76.1,122,3.7,6.3,12.7,,1.2,25,55,1.3,0.03,0.07,0.66,1,,,,,,,,,,,,,,1
21085,TAMAL DE PICADILLO (HONDURAS),Comidas preparadas: comerciales y caseras,21,78.8,77,1.9,0.8,15.5,,3,73,45,3,0.03,0.04,0.3,3,,,,,,,,,,,,,,1
21086,TAMAL TAYUYO (GUATEMALA),Comidas preparadas: comerciales y caseras,21,62.4,146,4.8,0.8,30,,2,68,116,2.2,0.13,0.05,0.73,0,,,,,,,,,,,,,,1
21087,TOSTADA DE FRIJOL Y QUESO,Comidas preparadas: comerciales y caseras,21,66.24,155,6.67,6.85,18.42,,1.83,146,81,1.31,0.07,0.23,0.92,1,31,2.12,0.52,3.73,21,280,377,1.32,41,0.11,0.48,0,30,1
21088,TOSTADA DE AGUACATE C/CHILE Y QUESO,Comidas preparadas: comerciales y caseras,21,72.51,138,4.78,8.91,12.27,,1.53,162,89,0.62,0.05,0.22,0.76,1,80,3.25,1.17,3.78,15,249,306,1.56,28,0.1,0.38,2,45,1
21089,"TOSTADAS A LA FRANCESA, CON LECHE",Comidas preparadas: comerciales y caseras,21,54.7,229,7.7,10.8,25,,1.8,100,117,1.67,0.2,0.32,1.63,0,124,4.52,2.59,2.72,116,134,479,0.67,17,0.07,0.31,20,57,1
21090,"SNACKS,  PAPALINAS SABOR BARBACOA",Comidas preparadas: comerciales y caseras,21,1.9,491,7.7,32.4,52.8,4.4,5,50,186,1.94,0.22,0.22,4.69,34,11,6.54,16.37,8.05,0,1261,750,0.94,75,0.62,0,0,83,1
21091,"SNACKS,  PAPALINAS SABOR QUESO",Comidas preparadas: comerciales y caseras,21,1.8,496,8.5,27.2,57.7,5.2,4.8,72,299,1.84,0.16,0.16,5,54,10,7.72,9.56,8.6,4,1528,793,0.91,75,0.35,0,0,0,1
21092,"PESCADO FILETE,  EMPANIZADO-FRITO",Comidas preparadas: comerciales y caseras,21,53.57,232,14.66,12.29,16.97,0.5,2.51,18,171,2.11,0.11,0.11,2.1,0,11,2.58,6.27,2.82,34,320,532,0.44,24,0.1,1.11,4,20,1
21093,"PIZZA DE  QUESO, CARNE Y VEGETALES, CONCHA REGULAR",Comidas preparadas: comerciales y caseras,21,50.4,244,11.02,10.9,25.38,2.2,2.3,120,183,1.86,0.26,0.27,3.1,0,41,3.79,1.72,4.41,27,184,589,1.24,23,0.1,0.68,36,87,1
21094,BOLLO C/HUEVO Y TOCINO,Comidas preparadas: comerciales y caseras,21,46.67,305,11.33,20.73,19.06,0.5,2.4,126,159,2.49,0.09,0.15,1.6,2,72,8.96,4.98,5.3,235,167,666,1.09,16,0.09,0.69,20,54,1
21095,BOLLO C/JAMON,Comidas preparadas: comerciales y caseras,21,28.4,342,11.85,16.3,38.75,0.7,4.7,142,490,2.41,0.45,0.28,3.08,0,27,4.28,0.92,10.1,22,174,1268,1.46,20,0.12,0.03,27,53,1
21096,BOLLO C/SALCHICHA,Comidas preparadas: comerciales y caseras,21,29.3,391,9.77,25.63,32.29,1.1,3,103,360,2.08,0.32,0.23,2.64,0,10,10.34,2.44,11.47,28,160,864,1.25,16,0.09,0.41,30,58,1
21097,"BURRITO, FRIJOLES  C/CHILE",Comidas preparadas: comerciales y caseras,21,54.37,202,8.03,7.19,28.47,,1.94,49,56,2.23,0.22,0.35,2.15,1,5,2.63,0.47,3.73,16,284,512,1.67,35,0.14,0.57,29,67,1
21099,"ENSALADA-RESTAURANTE,  VEGETALES S/ADEREZO",Comidas preparadas: comerciales y caseras,21,95.51,16,1.25,0.07,3.22,,0.53,13,39,0.63,0.03,0.05,0.55,23,57,0,0.03,0.01,0,172,26,0.21,11,0.08,0,0,37,1
21100,"ENSALADA-RESTAURANTE,  VEGETALES S/ADEREZO C/POLLO",Comidas preparadas: comerciales y caseras,21,87.05,48,8,1,1.71,,0.7,17,78,0.5,0.05,0.06,2.7,8,24,0.31,0.25,0.26,33,205,96,0.41,15,0.2,0.09,0,31,1
21101,"ENSALADA-RESTAURANTE, CESAR S/POLLO",Comidas preparadas: comerciales y caseras,21,89.71,44,3.18,2.05,4.28,1.6,0.92,86,79,0.61,0.04,0.04,0.21,14,,0.46,0.14,1.18,5,216,83,,9,,0,,,1
21102,"ENSALADA-RESTAURANTE, CESAR C/POLLO",Comidas preparadas: comerciales y caseras,21,78.37,96,8.09,4.81,7.36,1.1,1.47,63,,0.59,0.06,0.06,2.71,10,,1.34,1.04,1.44,16,237,298,0.27,,,0.07,,,1
21103,PIE MANZANA (MCDONALD),Comidas preparadas: comerciales y caseras,21,36.98,323,3.07,15.66,43.62,2,0.67,19,36,1.99,0.3,0.21,2.64,32,,9.18,1.04,3.99,,63,199,0.23,7,0.05,,,,1
21104,PESCADO EMPANIZADO Y FRITO,Comidas preparadas: comerciales y caseras,21,58.81,229,18.09,13.33,8.04,0.7,1.26,44,216,1.43,0.07,0.13,2.28,0,8,5.61,3.33,3.29,81,340,280,0.86,27,0.19,1.9,14,39,1
21105,"POLLO EMPANIZADO FRITO, PIEZA SIN HUESO",Comidas preparadas: comerciales y caseras,21,47.08,297,15.59,18.82,16.32,0.9,2.19,14,289,0.83,0.09,0.2,5.99,1,5,7.98,5.32,4.02,55,261,574,0.91,25,0.15,0.33,5,15,1
21106,"PIZZA DE  CARNE Y VEGETALES, CONCHA REGULAR",Comidas preparadas: comerciales y caseras,21,50.4,244,11.02,10.9,25.38,2.2,2.3,120,183,1.86,0.26,0.27,3.1,0,41,3.79,1.72,4.41,27,184,589,1.24,23,0.1,0.68,36,87,1
21107,"PIZZA DE  QUESO, CONCHA GRUESA",Comidas preparadas: comerciales y caseras,21,43.4,280,11.73,12.56,29.93,1.7,2.39,208,241,1.86,0.24,0.25,3.91,0,73,3.21,2.75,5.18,21,168,624,1.63,21,0.11,0.64,,,1
21108,"PIZZA DE  PEPPERONI, CONCHA GRUESA",Comidas preparadas: comerciales y caseras,21,40.8,298,11.97,14.21,30.49,1.8,2.53,146,205,2.14,0.29,0.25,3.84,0,47,4.41,3.46,5.27,25,199,692,1.54,22,0.14,0.64,,,1
21109,"PAPAS A LA FRANCESA, PALITOS TOSTADOS",Comidas preparadas: comerciales y caseras,21,29.96,364,5.87,20.6,41.03,1.9,2.54,55,87,2.1,0.16,0.18,2.1,0,0,8.97,7.05,3.34,53,90,354,0.66,19,0.18,0.05,78,195,1
21110,"PAPAS A LA FRANCESA, FRITAS EN ACEITE VEG,",Comidas preparadas: comerciales y caseras,21,39.76,319,3.76,17.05,37.51,3.5,1.92,13,138,1.37,0.17,0.07,2.5,3,0,9.91,3,3.96,0,550,194,0.73,34,0.38,0,0,30,1
21111,"PAPA HORNEADA,  C/SALSA DE QUESO",Comidas preparadas: comerciales y caseras,21,65.75,160,4.94,9.71,15.71,,1.72,105,108,1.02,0.08,0.07,1.13,9,85,3.62,2.04,3.57,6,394,129,0.64,22,0.24,0.06,0,9,1
21112,"PAPA HORNEADA,  C/SALSA DE QUESO Y TOCINO",Comidas preparadas: comerciales y caseras,21,65.02,151,6.16,8.66,14.86,,1.72,103,116,1.05,0.09,0.08,1.33,10,63,3.25,1.59,3.39,10,394,325,0.72,23,0.25,0.11,0,10,1
21113,"PAPA HORNEADA,  C/SALSA DE QUESO Y BROCOLI",Comidas preparadas: comerciales y caseras,21,70.04,119,4.03,6.32,13.74,,1.61,99,102,0.98,0.08,0.08,1.06,14,79,2.27,1.23,2.51,6,425,143,0.6,23,0.23,0.1,0,18,1
21114,"PAPA HORNEADA,  C/SALSA DE QUESO Y CHILI",Comidas preparadas: comerciales y caseras,21,70.08,122,5.88,5.53,14.14,,1.79,104,126,1.55,0.07,0.09,1.06,8,47,1.73,0.23,3.3,8,398,177,0.96,28,0.24,0.06,0,12,1
21115,"PAPAS EN PURE, RESTAURANTE",Comidas preparadas: comerciales y caseras,21,79.21,83,2.31,1.21,16.12,,1.15,21,55,0.47,0.09,0.05,1.2,0,11,0.35,0.29,0.48,2,294,227,0.32,18,0.23,0.05,0,8,1
21116,"PAPAS ""HASHED BROWN"", RESTAURANTE",Comidas preparadas: comerciales y caseras,21,60.14,210,2.7,12.8,22.43,,1.92,10,96,0.67,0.11,0.02,1.49,8,2,5.36,0.65,6.01,13,371,403,0.3,22,0.23,0.02,0,11,1
21117,"SANDWICH, HUEVO Y QUESO",Comidas preparadas: comerciales y caseras,21,56.3,233,10.69,13.3,17.76,,1.95,154,207,2.04,0.18,0.39,1.42,1,138,5.66,1.77,4.54,199,129,551,1.13,15,0.09,0.78,42,96,1
21118,"SANDWICH, POLLO (MCPOLLO)",Comidas preparadas: comerciales y caseras,21,44.97,289,10.17,16.21,26.86,0.8,1.78,87,142,1.65,0.21,0.2,3.96,1,,4.4,6.21,2.61,31,170,519,0.72,18,,,,,1
21119,"MEDALLONES O ""NUGGETS"" DE POLLO FRITO",Comidas preparadas: comerciales y caseras,21,47.08,297,15.59,18.82,16.32,0.9,2.19,14,289,0.83,0.09,0.2,5.99,1,5,7.98,5.32,4.02,55,261,574,0.91,25,0.15,0.33,5,15,1
21120,"HOT DOG, SIMPLE",Comidas preparadas: comerciales y caseras,21,53.96,247,10.6,14.84,18.4,,2.2,24,99,2.36,0.24,0.28,3.72,0,0,6.99,1.74,5.21,45,146,684,2.02,13,0.05,0.52,19,62,1
21121,"HOT DOG, CON CHILI",Comidas preparadas: comerciales y caseras,21,47.8,260,11.85,11.79,27.45,,1.1,17,168,2.88,0.19,0.35,3.28,2,3,5.78,1.04,4.26,45,146,421,0.68,9,0.04,0.26,20,78,1
21122,"TACO BELL, ORIGINAL, CON CARNE DE RES",Comidas preparadas: comerciales y caseras,21,55.91,236,10.79,13.48,17.95,3.6,1.87,79,178,1.88,0.09,0.19,1.92,,4,5.45,2.1,4.66,31,216,447,2.22,33,0.14,0.96,2,21,1
21123,"TACO BELL, SUAVE, CON CARNE DE POLLO",Comidas preparadas: comerciales y caseras,21,56.42,202,14.33,7.32,19.58,1.8,2.33,105,224,1.72,0.22,0.16,6.37,,1,2.83,1.05,2.61,37,237,606,0.79,22,0.15,0.37,30,69,1
21124,"TACO BELL, SUAVE, CON BISTEC",Comidas preparadas: comerciales y caseras,21,56.82,225,11.81,12.1,17.22,1.6,2.05,117,155,2.22,0.31,0.19,2.97,,1,3.94,3.48,3.37,31,183,551,2.15,21,0.09,0.96,22,52,1
21125,"TACO BELL, ENSALADA",Comidas preparadas: comerciales y caseras,21,67.32,170,6.69,9.17,15.1,3,1.71,95,103,1.77,0.15,0.11,1.5,,3,3.97,0.75,2.98,19,229,363,1.17,27,0.1,0.4,16,54,1
21126,ARROZ FRITO (GUATEMALA),Comidas preparadas: comerciales y caseras,21,,166,2.47,5.52,25.68,0.64,0.65,8,29,1.14,0.16,0.03,1.46,3,8,3.5,0.45,1.27,0,40,190,0.33,7,0.03,0,61,,1
21127,FRIJOLES NEGROS COCIDOS ENTEROS (GUATEMALA),Comidas preparadas: comerciales y caseras,21,,88,5.84,0.41,15.85,0.75,0.95,34,107,1.83,0.12,0.04,0.54,0,1,0.03,0.07,0.08,0,377,2,0.66,47,0.14,0,119,,1
21128,"FRIJOLES NEGROS FRITOS, PURE O COLADOS (GUATEMALA)",Comidas preparadas: comerciales y caseras,21,,167,7.36,5.91,20.03,0.98,1.22,45,134,2.3,0.15,0.05,0.69,1,1,3.5,0.47,1.33,0,472,3,0.82,59,0.18,0,148,,1
21129,FRIJOLES NEGROS REFRITOS O VOLTEADOS  (GUATEMALA),Comidas preparadas: comerciales y caseras,21,,335,12.25,17.46,33.42,1.6,2.01,73,224,3.85,0.25,0.08,1.13,1,1,10.79,1.32,3.97,0,792,5,1.37,98,0.29,0,250,,1
21130,"MIXTA (TORTILLA, GUACAMOL, SALCHICHA)",Comidas preparadas: comerciales y caseras,21,,221,6.22,13.09,21.04,3.8,1.74,57,91,0.59,0.12,0.09,1.72,3,8,7.2,1.69,3.91,15,196,338,0.74,12,0.12,0.39,0,26,1
21131,PESCADO FRITO CASERO (GUATEMALA),Comidas preparadas: comerciales y caseras,21,,280,22.4,16.76,8.73,0.29,1.37,25,264,1.15,0.19,0.22,5.51,0,36,9.47,1.59,4.33,117,406,78,0.69,48,0.35,2.89,18,56,1
21132,PLATANO FRITO,Comidas preparadas: comerciales y caseras,21,,221,1.43,10.22,35.02,2.53,1.28,3,37,0.66,0.05,0.05,0.76,20,61,6.41,0.76,2.41,0,548,4,0.15,41,0.33,0,0,24,1
21133,"POSTRE, MANJAR BLANCO  (GUATEMALA)",Comidas preparadas: comerciales y caseras,21,,111,1.8,1.09,20.11,0.13,0.29,46,39,0.21,0.02,0.06,0.2,0,125,0.31,0.05,0.63,4,55,14,0.26,8,0.03,0.1,3,,1
21134,"POSTRE, RELLENO DE PLATANO CON FRIJOLES (GUATEMALA)",Comidas preparadas: comerciales y caseras,21,,210,2.9,0.48,52.59,2.68,1.12,17,64,1.3,0.09,0.06,0.84,23,150,0.04,0.11,0.23,0,524,2,0.35,43,0.68,0,45,,1
21136,TAMAL COLORADO (GUATEMALA),Comidas preparadas: comerciales y caseras,21,,166,5.3,9.9,13.1,,0.8,33,76,1,0.11,0.07,1.3,9,42,3.87,2.98,2.87,15,94,35,0.55,9,0.25,0.1,7,,1
21137,TAMAL DE ELOTE (GUATEMALA),Comidas preparadas: comerciales y caseras,21,,128,1.99,3.31,23,0,0.68,11,63,0.56,0.09,0.07,0.73,10,190,1.4,1.2,0.64,0,2,39,0,0,0,0,0,,1
21138,TAMAL DE PAPA O PACHES (GUATEMALA),Comidas preparadas: comerciales y caseras,21,,94,2.86,4.88,10.71,1.21,0.71,22,40,0.79,0.08,0.04,1.51,14,16,1.86,0.86,1.49,8,338,10,0.42,19,0.19,0.02,11,,1
21139,TAMALITO DE CHIPILIN (GUATEMALA),Comidas preparadas: comerciales y caseras,21,,204,4.04,8.35,29.75,4.92,0.9,14,118,1.14,0.18,0.06,0.83,3,34,3.51,1.75,2.84,6,114,128,0.01,58,0,0,0,,1
21140,TORTITAS DE CARNE (GUATEMALA),Comidas preparadas: comerciales y caseras,21,,264,19.6,18.57,3.44,,,18,228,3.91,0.11,0.23,4.54,9,67,,,,,,,,,,,,,1
21141,TOSTADA DE FRIJOL (GUATEMALA),Comidas preparadas: comerciales y caseras,21,,171,5.41,8.44,21.07,1.59,0.9,70,105,1.23,0.1,0.04,0.59,0,3,5.02,0.76,1.8,0,238,1,0.41,29,0.09,0,75,,1
21142,TOSTADA DE GUACAMOLE (GUATEMALA),Comidas preparadas: comerciales y caseras,21,,96,2.13,4.84,12.3,2.43,0.58,63,48,0.34,0.05,0.05,0.65,3,8,2.61,0.71,0.66,0,159,3,0.11,10,0.08,0,16,,1
21143,TOSTADA DE SALSA (GUATEMALA),Comidas preparadas: comerciales y caseras,21,,142,2.26,8.83,14.49,1.64,0.54,56,51,0.31,0.05,0.04,0.54,8,26,5.22,0.89,1.96,0,77,33,0.03,4,0.03,0,6,,1
22001,AJO MOLIDO,Condimentos,22,6.45,332,16.8,0.76,72.71,9.9,3.29,80,417,2.75,0.47,0.15,0.69,18,0,0.02,0.38,0.14,0,1101,26,2.63,58,2.94,0,0,2,1
22002,"ALBAHACA, FRESCA",Condimentos,22,90.96,27,2.54,0.61,4.34,3.9,1.55,154,69,3.17,0.03,0.07,0.93,18,264,0.09,0.39,0.04,0,462,4,0.85,81,0.13,0,0,64,0.64
22003,"ANIS, SEMILLA",Condimentos,22,9.54,337,17.6,15.9,50.02,14.6,6.95,646,440,36.96,0.34,0.29,3.06,21,16,9.78,3.15,0.59,0,1441,16,5.3,170,0.65,0,0,10,1
22004,AZAFRAN,Condimentos,22,11.9,310,11.43,5.85,65.37,3.9,5.45,111,252,11.1,0.12,0.27,1.46,81,27,0.43,2.07,1.59,0,1724,148,1.09,264,1.01,0,0,93,1
22005,"CANELA, MOLIDA",Condimentos,22,9.52,261,3.89,3.19,79.85,54.3,3.55,1228,61,38.07,0.08,0.14,1.3,29,14,0.48,0.53,0.65,0,500,26,1.97,56,0.31,0,0,29,1
22006,"CEBOLLA, POLVO",Condimentos,22,5.01,347,10.12,1.05,80.67,5.7,3.15,363,340,2.56,0.42,0.06,0.65,15,0,0.16,0.44,0.18,0,943,54,2.33,122,1.22,0,0,166,1
22007,"CILANTRO O CULANTRO, HOJAS SECAS",Condimentos,22,7.3,279,21.93,4.78,52.1,10.4,14.08,1246,481,42.46,1.25,1.5,10.71,567,293,2.23,0.33,0.12,0,4466,211,4.72,694,0.61,0,0,274,1
22008,"CLAVO DE OLOR, MOLIDO",Condimentos,22,6.86,323,5.98,20.07,61.21,34.2,5.88,646,105,8.68,0.12,0.27,1.46,81,27,1.47,7.09,5.44,0,1102,243,1.09,264,0.59,0,0,93,1
22009,"COMINOS, SEMILLAS",Condimentos,22,8.06,375,17.81,22.27,44.24,10.5,7.62,931,499,66.36,0.63,0.33,4.58,8,64,14.04,3.28,1.53,0,1788,168,4.8,366,0.44,0,0,10,1
22010,"CONDIMENTO CURRY, POLVO",Condimentos,22,9.52,325,12.66,13.81,58.15,33.2,5.57,478,349,29.59,0.25,0.28,3.47,11,49,5.55,2.56,2.24,0,1543,52,4.05,254,1.15,0,0,154,1
22011,ENELDO FRESCO,Condimentos,22,85.95,43,3.46,1.12,7.02,2.1,2.45,208,66,6.59,0.06,0.3,1.57,85,386,0.8,0.09,0.06,0,738,61,0.91,55,0.19,0,0,150,0.59
22012,CONDIMENTOS O ESPECIAS MOLIDAS NO ESPECIFICADAS,Condimentos,22,8.46,263,6.09,8.69,72.12,21.6,4.65,661,113,7.06,0.1,0.06,2.86,39,27,0.66,2.36,2.55,0,1044,77,1.01,135,0.21,0,0,36,1
22013,"HIERBA BUENA, FRESCA",Condimentos,22,85.55,44,3.29,0.73,8.41,6.8,2.03,199,60,11.87,0.08,0.17,0.95,13,203,0.03,0.39,0.19,0,458,30,1.09,63,0.16,0,0,105,0.41
22014,"HIERBA BUENA, SECA",Condimentos,22,11.3,285,19.93,6.03,52.04,29.8,10.7,1488,276,87.47,0.29,1.42,6.56,0,529,0.21,3.26,1.58,0,1924,344,2.41,602,2.58,0,0,530,1
22015,"MEJORANA, SECA",Condimentos,22,7.64,271,12.66,7.04,60.56,40.3,12.1,1990,306,82.71,0.29,0.32,4.12,51,403,0.94,4.41,0.53,0,1522,77,3.6,346,1.19,0,0,274,1
22016,"NUEZ MOSCADA, MOLIDA",Condimentos,22,6.23,525,5.84,36.31,49.29,20.8,2.34,184,213,3.04,0.35,0.06,1.3,3,5,3.22,0.35,25.94,0,350,16,2.15,183,0.16,0,0,76,1
22017,"OREGANO, SECO",Condimentos,22,7.16,306,11,10.25,64.43,42.8,7.15,1576,200,44,0.34,0.32,6.22,50,345,0.67,5.23,2.66,0,1669,15,4.43,270,1.21,0,0,274,1
22018,PIMIENTA BLANCA,Condimentos,22,11.42,296,10.4,2.12,68.61,26.2,1.59,265,176,14.31,0.02,0.13,0.21,21,0,0.79,0.62,0.63,0,73,5,1.13,90,0.1,0,0,10,1
22019,PIMIENTA NEGRA,Condimentos,22,10.51,255,10.95,3.26,64.81,26.5,4.33,437,173,28.86,0.11,0.24,1.14,21,15,1.01,1.13,0.98,0,1259,44,1.42,194,0.34,0,0,10,1
22020,"ROMERO, FRESCO",Condimentos,22,67.77,131,3.31,5.86,20.7,14.1,2.35,317,66,6.65,0.04,0.15,0.91,22,146,1.16,0.9,2.84,0,668,26,0.93,91,0.34,0,0,109,0.65
22021,SAL DE MESA,Condimentos,22,0.2,0,0,0,0,0,99.8,24,0,0.33,0,0,0,0,0,0,0,0,0,8,38758,0.1,1,0,0,0,0,1
22022,SAZONADOR MOLIDO NO ESPECIFICADO,Condimentos,22,9,272,6.73,5.91,68.73,45.7,9.63,2132,140,37.88,0.37,,4.08,50,257,,,3.26,0,1051,24,4.3,377,1.81,0,,,1
22023,"SAZONADOR, PARA POLLO",Condimentos,22,9.31,307,9.59,7.53,65.59,11.3,5.92,996,171,35.3,0.26,0.19,2.97,12,132,1.21,1.94,3.29,0,684,27,3.14,224,1.32,0,0,138,1
22024,"TOMILLO, SECO",Condimentos,22,7.79,276,9.11,7.43,63.94,37,11.74,1890,201,123.6,0.51,0.4,4.94,50,190,0.47,1.19,2.73,0,814,55,6.18,220,0.55,0,0,274,1
22025,"VAINILLA, EXTRACTO",Condimentos,22,52.58,288,0.06,0.06,12.65,0,0.26,11,6,0.12,0.01,0.09,0.43,0,0,0.01,0,0.01,0,148,9,0.11,12,0.03,0,0,0,1
